wall_seconds,sequence,neural_seconds,game_seconds,age_seconds,speed_lifetime,brain_step_ms,episode,health,kills,ammo,turn,forward,attack,total_spikes,population_hz,mean_luminance,source_frame
0.014900041976943612,6857,269.6,269.6,0.293114990234375,0.172,61.557,5,100,0,0,0.847636694056165,18.236828932985063,1,144925810,3.1200053695554595,0.0925167863062436,3a6d89924e7af841893936ad9730b71ed93145e8ba0ae13651ad3318913bb3ec
5.001966749783605,6875,270.2,270.2,0.1554169921875,0.172,264.907,5,100,0,0,0.1177981868026282,20.0,1,145240883,3.1420289368699685,0.09403956799178995,b98551a8a84abf73fa83e4f0ed9c4e69fbb85258f84a3ad19a66fe61b0970073
10.003284874837846,6887,270.6286,270.6286,1.23872607421875,0.171,109.75,5,100,0,0,1.9100243000308768,20.0,1,145468885,3.163003762883787,0.09239424439708951,db8439e5cf38a7529e9fb567e43f07153055cb9cb61150849191ee3b4c8437e3
15.00991449994035,6909,271.3714,271.3714,0.136557861328125,0.171,270.586,5,100,0,0,0.599781983793562,18.136302441682968,1,145854645,3.036445342510445,0.08642733743247756,117753c1c8ecd60102876dccde81701a27e8444afbde558a9a23f61793e0815a
20.016817124793306,6922,271.9143,271.9143,0.29017919921875,0.171,150.04,5,100,0,0,0.3851473875824423,18.73663107165733,1,146136576,3.0698755353824336,0.08723573121569556,927ec01782b6c9bbb66b7f8cf82e622d1fcd3138a1db79648a03c8a6f1b41197
25.00327012478374,6945,272.7429,272.7429,0.151282958984375,0.171,330.956,5,100,0,0,0.15072928176770858,20.0,1,146570588,3.201177946228936,0.09426786540885321,f1c81bcf63f5ec9b70005ab9eb6af8b776cc1782341acffd9234f56d58ffbbf2
30.019940541824326,6971,273.8286,273.8286,0.0706181640625,0.171,66.412,5,100,0,0,0.45434923217649736,19.49803630379256,1,147153741,3.2061070303421833,0.096854915632301,eae2617849c6429d178eeaaad4415db0be219133d7fc20b8ca4d66fc0d1b98c9
35.01024395786226,7002,275.2286,275.2286,0.052115966796875,0.172,40.534,5,100,0,0,0.5468316981437371,20.0,1,147895645,3.157340559860056,0.09327290143154068,65a20878c33ada157a851e0def17d25df83f48b601658e16cb52920aa238faf2
40.00887908297591,7031,276.4571,276.4571,0.039781005859375,0.172,115.8,5,100,0,0,0.7383322915127891,17.473637273643998,1,148542799,3.168629432008335,0.09382733803699451,3082d30b11669b0be9d1217d23a670ffd2ac83cc5e93d7a294ee958e33355e9d
45.01533037493937,7060,277.5143,277.5143,0.063531982421875,0.172,42.99,5,100,0,0,0.02250198645786071,18.861019077105468,1,149091216,3.059807618895801,0.087355395085826,d2482152dccd0150308af00ab9e4a402e1f2a72637a07e63f60b7aa0c4389dbd
50.069862082833424,7082,278.3714,278.3714,1.746366943359375,0.172,155.416,5,100,0,0,0.8074505322326965,17.240564851240247,1,149536142,3.120218061650828,0.09146858457954264,ca0141575acf4a910fe0c825253b6adc97fadf8a47002ddbd6d6d0adcfd9d9fc
55.01591516681947,7087,278.5143,278.5143,0.453683837890625,0.171,173.132,5,100,0,0,0.19342344339765702,16.980833461932548,0,149611406,3.1682474693872416,0.09360695421026112,8ab5939ca442f3bb37676a671d469462868447f4f58924a579464d4b43286942
60.02413266687654,7112,279.4571,279.4571,0.131690185546875,0.171,74.538,5,100,0,0,-0.036253450286721146,15.322833207055973,0,150120215,3.299865420961342,0.10674004727816522,cd356dd5957c753c3a26f0b67ef8e02d801c83cfb1d637cbfcf137d747d29df2
65.01942583289929,7144,281.0286,281.0286,0.022677978515625,0.172,150.053,5,100,0,0,-0.4027889511906244,17.991436429821615,1,150968255,3.1867053162794017,0.09820719419625963,fd265955fcdc87f7f0294f8547344b50cc11386d4cd941e84cd63de2d5234937
70.01010370790027,7176,282.6,282.6,0.094368896484375,0.172,43.241,5,100,0,0,0.4183760993441389,18.952843174023364,1,151798610,3.1769477978309766,0.09538824866411787,75808756cacbfefd76b85cc66cb53f7791b3b8f1377b6f6216898904e13a10dd
75.00354612478986,7210,284.2,284.2,0.054005126953125,0.173,75.979,5,100,0,0,0.33680496985360403,20.0,1,152650423,3.212037102211782,0.09891007170819552,db6f0fdc547a9233e5693fd7a8db3f4fa3853ca240f6fe96d3c71198d994b56e
80.00111583294347,7243,285.6571,285.6571,0.093424072265625,0.173,94.75,5,100,0,0,1.1818402872196219,19.15666007055686,1,153421396,3.1690504004462263,0.09553597077190747,53a0dbff14232869e85655e0c84670d718de749b19b182370824f0ba826656fd
85.05240366701037,7277,286.9429,286.9429,0.067575927734375,0.173,102.33,5,100,0,0,1.2230690308649372,16.253259024179652,1,154091699,3.1581795529006085,0.09111654653906408,7bbf2039f96c38d85d4fea158f2ecad7283fb52eaeaa9b063111873724940377
90.02377774985507,7305,288.1429,288.1429,0.069078857421875,0.174,58.493,5,100,0,0,0.37294900729466035,20.0,1,154714004,3.1688767141676557,0.09193357263861461,c441274d1f7f79ce6b85dfd390e2c274b14917c73073301d292af5f8c2293a16
95.00470704189502,7323,288.7429,288.7429,0.20535302734375,0.173,98.387,5,100,0,0,1.4453839567983198,18.296380512931147,1,155028019,3.113503173491176,0.0910769781933615,f23155673d08d78052842518b42aaa6d477adc0789fc20b8434922f854da7fa6
100.00905670784414,7352,289.9429,289.9429,0.14543701171875,0.174,67.261,5,100,0,0,0.130775775350931,17.396346370924856,1,155650928,3.188593050620645,0.09658561128830817,808fa3eb1250cc66f92441a87a83f7dcdc824e9ddfb0f5cc4bf2ccffe490f000
105.01023058290593,7382,291.1714,291.1714,0.07843115234375,0.174,80.4,5,100,0,0,-0.5197917819502423,16.122437116532513,0,156303985,3.1717866952925204,0.09230071891791425,0ec2ca50c0cd8acd1c0aaaebe6a69418cf7f4b7c9028ebe6742dfb9849ff7c83
110.0151713329833,7416,292.6,292.6,0.076597900390625,0.174,50.156,5,100,0,0,-0.09196762648386198,17.805826687372164,1,157050224,3.1200053695554595,0.09063141434477158,b0e026a76c6e8b409a010a923033165b2c9270ebad28b564448991bc67681993
115.01023974991404,7444,293.8286,293.8286,0.095572998046875,0.174,42.253,5,100,0,0,-0.2831204972114699,18.13690622267214,1,157705463,3.2372546469727035,0.1022880089673609,1564ffa0dd1488ef68643a8b7d6bbea8d7bfc73ed3fc6e7efc201ff26c03ec39
120.01027245796286,7474,295.2286,295.2286,0.15814892578125,0.175,72.258,5,100,0,0,0.5521225475247025,16.38963030930965,1,158476773,3.344855504423591,0.11256810529985967,3f7fcba25ac0150618c3daa4f9f2d023a07e418e72b01e6d7e8a567f1aace266
125.01173366699368,7503,296.3714,296.3714,0.165525146484375,0.175,77.757,5,100,0,0,0.8881262211768702,18.11549326879445,1,159100939,3.2164093497090054,0.10211942412369696,cc2f90f74875b807e0849e321b6b6a2bb1c5c32c6add2ce41ad20f112b515a20
130.00728983292356,7535,297.7429,297.7429,0.172116943359375,0.175,66.078,5,100,0,0,0.28192258532987235,20.0,1,159830111,3.202016939269489,0.09763045522935154,ca37ae3a30801e444128f8699e9f09ce30bac0ae7ec7e99bf11e18d4ee7fbe0b
135.00137291685678,7564,299.0571,299.0571,0.03945703125,0.175,46.741,5,100,0,0,0.30437600131655956,18.779559835091227,1,160522311,3.1835738115534786,0.09357505975176253,5488b94b530fa99c11d4d13e69c5926cca312d4f70d5ef74e24830c52afeb155
140.01521491678432,7596,300.4286,300.4286,0.04197802734375,0.176,42.875,6,100,0,25,1.5495907812871221,19.52534253087238,1,161230324,2.991534560220823,0.09862038314708774,dda3b9f24aec0cd614e1a1bb3f91c9423583230393ff801725f48c8f629ae30f
145.0059675828088,7622,301.4857,301.4857,0.1128408203125,0.176,73.578,6,100,0,23,1.9912339752659187,20.0,1,161784738,3.221943023982616,0.09377625867520203,9b9a73496373ddf31f0f58b740535a7bdd488a50ef2c7804c0cb0f2d67d02869
150.00588224991225,7650,302.6,302.6,0.100572021484375,0.176,46.932,6,100,0,20,0.4666249226186127,20.0,1,162402327,3.3637328478360273,0.10352422011050516,815b50d936105ce834f362a3fe06c3a7d81d4c702ffb4cf9094dfd723a7e0830
155.00255474983715,7683,303.9143,303.9143,0.13189501953125,0.176,79.051,6,100,0,17,0.9468836816761677,20.0,1,163142398,3.2628439347095615,0.09966882467832432,9c6fbebb925a7be15b3e0ba7a99c7e922d31c5cede201feed8f3d235294b6af0
160.0047745828051,7715,305.1714,305.1714,0.1986220703125,0.176,81.398,6,100,0,14,0.3592548155872721,16.591449493112844,1,163835292,3.2288279186268007,0.09960743371036844,cdc8970eebeee9bf8bd3ce144c28ac21ad31b8af235cbdacc2482380ed123d2a
165.02657191688195,7747,306.5143,306.5143,0.23755078125,0.177,59.264,6,100,0,10,1.2512521808498234,17.102398675337817,1,164562706,3.267877892952878,0.11691606661651845,4bedf3d0cb231bfb0c43a94dec70093c2f40f3ed848386a7408724a9da15765d
170.0038893749006,7776,307.6857,307.6857,0.0975390625,0.177,70.054,6,100,0,7,0.34503742286457595,20.0,1,165197537,3.301861519114741,0.12131510755903288,1194ec55618496ba381f6a0c62436588eb926554f3c0c2a2870726f4a7362706
175.01106237480417,7806,308.7714,308.7714,0.154883056640625,0.177,52.253,6,100,0,5,0.9752411334136405,20.0,1,165788185,3.3132320904240204,0.12404316533797301,753ce7997dca320e2e7de7c9eea4e507ca6c448b1e6db2b015a3d8ddccf7cae1
180.01408808282577,7840,310.2286,310.2286,0.01931396484375,0.177,58.046,6,100,0,1,0.6828074547842315,20.0,1,166593201,3.262004941669009,0.10782326082252323,88e81a0c1a177e11674091dfaac390e6ade144697cce9ba136aa5dc18f1e19a1
185.01016895798966,7868,311.3143,311.3143,0.1300908203125,0.177,64.709,6,100,0,0,0.20869270132143128,17.969619411332303,1,167190391,3.305632579777751,0.10895779351070099,4f6e4145368aa3c83e81b5bff1bd6bf2f80595f5a9c35564ad4829cd332c314d
190.0285101667978,7899,312.8286,312.8286,0.10114501953125,0.178,65.869,6,100,0,0,0.7408429568734267,20.0,1,168019761,3.2297037096077283,0.10905875231919512,1af26a15c495dd183346baa2ca11fe3f3ce4ee035830d17d0b031e8ccd27b7b2
195.0085576248821,7930,314.2286,314.2286,0.098361083984375,0.178,72.255,6,100,0,0,0.15906076841076583,20.0,1,168759886,3.2144969607477107,0.10041846470019279,92da17a0fe84df7c6d7f9bdeabb2efcf22943468c90b840d69dae3ee5735f60e
200.0105062078219,7961,315.5143,315.5143,0.08528515625,0.178,96.256,6,100,0,0,0.8596093549120387,17.261609636781227,1,169452604,3.2074703940330815,0.10112949591059527,db87cd7f491e5011e88df5a6cbbf3eca06c9bdda1dd9e3413a1f112d5b3730f9
205.00409374991432,7992,316.8571,316.8571,0.03455712890625,0.179,48.668,6,100,0,0,0.8807879942535208,18.993672320577215,1,170159977,3.1602100632505077,0.09491318881538768,aff14127c8a1ebe525e005aa534d9550b80f65fd5df565f211c950250498c7d2
210.01021112478338,8024,318.2571,318.2571,0.08135302734375,0.179,50.028,6,100,0,0,0.7528925192447846,20.0,1,170901481,3.162870052959636,0.09657937647629367,9b8643e5de61104e64a8c905d94d57f5569e21d1e7f29971cf3603065a7151b6
215.00354454200715,8056,319.5714,319.5714,0.00925,0.179,45.015,6,100,0,0,0.9392009598650827,18.255703279526347,1,171597152,3.1277954935328722,0.0905796159576676,b5118497855bcd666886f224ecede0bf20278b392c342bcb2c58aa45c928a6a8
220.00643791700713,8086,321.0857,321.0857,0.4312509765625,0.179,43.768,6,100,0,0,0.37941092702890544,18.769392218395627,1,172382725,3.067582630584216,0.0885050355885859,ec5c7a2aaf4822b93f97775e2f0ed246ee9a527c292fba1835409a5fad7f8a77
225.00974695780315,8108,321.8571,321.8571,0.105080078125,0.179,124.485,6,100,0,0,-0.16099680152514906,18.68309128535551,1,172784285,3.1534745682442455,0.09188824857098533,e19c7bff0ddd0544c4973b9187ce823a3e459d5aeeed2f9eed7686113c479352
230.0171694168821,8142,323.3714,323.3714,0.115787841796875,0.18,74.773,6,100,0,0,0.7651050452956142,20.0,1,173590716,3.159368126374725,0.09437218227136039,467d856aac0717cdfdc3e1da1bc61387b9f2c326c62748c4d2694283c9b38a15
235.0047991669271,8174,324.8286,324.8286,0.2490771484375,0.18,83.954,6,100,0,0,0.49867875867501776,18.95210873363535,1,174366427,3.2131335970568125,0.09515275719260956,1a771e21b95a4e8242c0e35b462dbf67c112bf090a450f9d1d31de8bbb3a1309
240.00929074990563,8206,326.2,326.2,0.038677978515625,0.18,64.108,6,100,0,0,0.5330353149739245,20.0,1,175078111,3.080153200129205,0.08651726554490305,7baaf7246a69cf7fe27348dd39a4118d8977a9fa4c57ab9306fd270543878888
245.0008413749747,8239,327.7429,327.7429,0.02918994140625,0.181,77.567,6,100,0,0,0.9293151375071251,19.003137923325415,1,175901449,3.270185123814398,0.10385419593088785,c107e6385192cac201e882c6bf025992339fa5795ca256ee585e285b1e91b714
250.0185823328793,8269,328.9714,328.9714,0.098966064453125,0.181,94.119,6,100,0,0,0.5441517658629397,19.273900160377266,1,176555349,3.165181324505677,0.09209112681126573,e48074930676f63d83c8e9666ef67dc0219fde264578eade6306ae0244ee3693
255.01015799981542,8297,330.1143,330.1143,0.082546875,0.181,112.492,6,100,0,0,-0.5007259254111175,18.166698257246527,1,177153514,3.171183945029176,0.0898707427290127,98e73e1865c6f3b3678e96061fb7d0fb3dd115004ff44501c695906d26ad9fe9
260.00544508290477,8328,331.4,331.4,0.159578125,0.181,70.83,6,100,0,0,0.4284512664497687,15.370449066989924,0,177837471,3.1768427400334294,0.09368345267056322,ef88ed39741b9a720b4ba1fec58487984a42de8b2eabf46a39acb3d9cca38ff0
265.014527999796,8355,332.5143,332.5143,0.12222705078125,0.181,44.315,6,100,0,0,0.5432515208198455,20.0,1,178425467,3.1927880158234085,0.09607170236300999,a2c72ef6c7763a74fd6b07e7aa836d4318bc97e5ed62c5bebe82f56e95dc0756
270.0042259579059,8383,333.7429,333.7429,0.025965087890625,0.181,88.467,6,100,0,0,-0.013758992361039758,15.420807977591984,0,179093894,3.3123445241021727,0.10935851293098828,5ee696f073b2ada6698bae6f1f83d3deadf7d74ffa4b082a09c5859664b0a5f9
275.0060830828734,8412,334.8857,334.8857,0.031094970703125,0.182,42.164,6,100,0,0,0.567216109216386,20.0,1,179720778,3.1948076234140212,0.09661462785508199,2d44b4c6729afe6b20b87900e9fade4d51c91c81010d8cb2e5f40fb9e99ff1c1
280.0102193749044,8441,335.8571,335.8571,0.0327939453125,0.182,66.774,6,100,0,0,0.42446043275128004,18.591173480250262,1,180239758,3.181889937801913,0.09918585104003914,f0b76bc0f5216e05376c06d5e091288d61b65e388ff5d29536852109e4907b57
285.0102741669398,8470,336.8571,336.8571,0.170826904296875,0.182,67.002,6,100,0,0,1.224362350225753,16.02143189611338,0,180771011,3.2397723607642743,0.10292206189332181,d58da1aea5d58ec27afc804dde516bc543659a34e9e49457c0991b5db0e93e86
290.0081204997841,8502,338.0571,338.0571,0.09455615234375,0.182,74.04,6,100,0,0,0.6566733735205028,19.249664204738618,1,181410203,3.1783117060798367,0.0964431652739017,e261a32905c72d2eb40235cfc56f6785c852feeba29ae5222af4c20c35ae90b8
295.0119794998318,8529,339.3143,339.3143,0.119908935546875,0.182,49.521,6,100,0,0,0.3536275286779525,20.0,1,182080286,3.2072606457729433,0.1006669056607685,250131ad0526df9fc4aceae9ebfb3f88a1ba7a522f08bdaff84d46f336acf8e8
300.0157826668583,8558,340.6857,340.6857,0.122415771484375,0.182,153.766,6,100,0,0,0.5651617422386047,20.0,1,182805069,3.1447556642517647,0.09280047908488703,7d4bb1f7665a61dc735bcdb3a9ddd08aec388c2ee0eedbd82fc1cbe7e2327e80
305.00714416685514,8589,342.1429,342.1429,0.099348876953125,0.183,44.886,6,100,0,0,0.11635913733218871,20.0,1,183572023,3.1605916578921978,0.09495395629550749,1841aab9e6ace5b5ac8382d41bd16ad7977ac93fc128a516063ca671d8cc8689
310.0189271669369,8622,343.5429,343.5429,0.088472900390625,0.183,51.674,6,100,0,0,-0.20816973185403098,18.890966807472637,1,184322183,3.215860324438609,0.09973692980759506,5e832436545ee0dfa8e861cdd57bee2500a2e5649f4491ca84084664609dc137
315.00866291695274,8653,344.8857,344.8857,0.1122880859375,0.183,113.591,6,100,0,0,0.46520955256215824,20.0,1,185052231,3.309408048460238,0.11109808108007772,8ef501aa4986cc21e323371065898c16f448b82a473e75cada75333d5c2f059f
320.0106747499667,8684,346.1429,346.1429,0.31769091796875,0.183,58.311,6,100,0,0,0.24457597680055243,20.0,1,185751195,3.3195808390769397,0.11304172603285043,e86301b29206a01275a15c893b4af783061322b6db4f5148d088f77eb74de4ad
325.0115221668966,8714,347.3143,347.3143,0.0510849609375,0.183,95.475,6,100,0,0,0.09970885448583373,20.0,1,186397371,3.2479518082397507,0.10877817739991916,efe7b565c533ca11a3e01f890c389e533d740b2b37210d368bb218e4518cc88c
330.0101096248254,8745,348.4,348.4,0.062541015625,0.183,65.465,6,100,0,0,1.260815491852903,18.09077315381359,1,186991783,3.2731215994563323,0.11137002342209869,0f4da7c980e5d5b59881cbafc4e032228b95a96b88a5bd77469ea7d471c204ae
335.0100958328694,8776,349.6571,349.6571,0.10055810546875,0.184,76.663,6,100,0,0,0.17895178377186824,15.199683582963724,0,187668686,3.2011110912668603,0.10339088677387484,93fb0b1d448b9a41b9892809027c088b93478ed560a4dd67b4f948c0a6672665
340.0033873328939,8806,350.8286,350.8286,0.01135693359375,0.184,50.687,6,100,0,0,1.2212773830898656,17.94491834036737,1,188290513,3.134477999504994,0.09435179820021825,16a3b2951df76fe763a225a27c571d2ae35b270c975a8da521723f30042d364b
345.01349645783193,8829,351.6571,351.6571,0.7439619140625,0.184,117.143,6,100,0,0,0.3576751028969417,19.328245960908077,1,188727990,3.1633673265346927,0.09996882456725958,d84ef651678214f7662546fd7b8f23ded43be302d829a5f2bdef612824cdfcc0
350.0101173748262,8852,352.4,352.4,0.0762890625,0.184,78.819,6,100,0,0,0.20111709003014794,19.4362822039474,1,189127233,3.238616724991254,0.10591942384121303,c301ba79f0cc9430615d97a7cd3b801243a0db891adfc12372a291e86b3ccd98
355.0104585418012,8868,352.9714,352.9714,0.245568115234375,0.183,237.909,6,100,0,0,0.031014867615946854,19.407762860390616,1,189437527,3.226512592218398,0.10051270943702163,a573d835765b742079f39b9b8ae3b3358d51dcf12925887b86a71239a7b6399d
360.0104352917988,8900,354.0571,354.0571,0.046531982421875,0.183,150.616,6,100,0,0,0.023864837538230006,19.79752153361805,1,190018426,3.1890464012460664,0.09897074297325109,ceaf1b1b94dab3a5f0f6355b4b40dcc44809f883fb8cd2e6ea9a20b6d6ae2a19
365.00945691694506,8928,355.2,355.2,0.107295166015625,0.184,44.648,6,100,0,0,0.16083343940582437,19.572931614183354,1,190623349,3.149317597076031,0.09474460421052172,ce80e7934e465737d9a8018387e0916cdc2a292929c51cd80dd81d54047f6877
370.0101936249994,8959,356.3143,356.3143,0.03272216796875,0.184,57.388,6,100,0,0,1.3372444679618996,20.0,1,191212398,3.1935221347338922,0.09650983164634537,7dca508638d434a2cd380de5a7962c31a0f3ab5e20c7070a6a49ff4fc3cbd78d
375.0285513747949,8990,357.3429,357.3429,0.119076904296875,0.184,56.054,6,100,0,0,0.46887448363358314,19.958710202261546,1,191755704,3.187544309319954,0.09311294934265114,ec55acad0c06101920558b73d1258865da3bd6f9cd8588c4f8667a350e0a1492
380.0101204998791,9015,358.2,358.2,0.25318994140625,0.184,37.334,6,100,0,0,1.318116102199375,18.851244738360588,1,192205906,3.1223126004169792,0.09188585099170925,a3caeadefff4d31eec83ea9b3cc430c6e0f4f4fe3b28fea5b396f279de7c6023
385.0101317919325,9045,359.4857,359.4857,0.0768369140625,0.184,73.567,6,100,0,0,0.2899624078333009,19.32229634674025,1,192883939,3.1669889798264124,0.09607769742318288,df6b1bd0964aa4a34d2f25143d044f37308971c77b27f890c2f3b113c98bc4a1
390.00388008286245,9074,360.7429,360.7429,0.06402001953125,0.184,60.799,7,100,0,24,1.044787882765445,20.0,1,193528736,3.108888711768136,0.0862486808569094,db3e96589b00ff9547181a9a14dc8c5d33f3487e3d21c9c144e8d3a41baa1db8
395.00670912489295,9102,361.9714,361.9714,0.208614013671875,0.184,151.411,7,100,0,21,0.4636855821140781,19.387530213816998,1,194192924,3.400162072848588,0.12948561137529846,930897b4091768f5cea9ebf9da0bb7725efabb5fe8e472382a0ad48a40518646
400.0101039169822,9134,363.3143,363.3143,0.041369873046875,0.184,53.256,7,100,0,18,2.0761969176374175,19.20860405744148,1,194942694,3.3306974968642638,0.12024724207977218,3edd689f485e0c70a8ca06066735d46b1a805356ba0c8d1b8839ca6cd7c218de
405.0150056248531,9169,364.8286,364.8286,0.04402099609375,0.185,53.68,7,100,0,14,0.3698933819706366,18.970236067515255,1,195768191,3.2609562003683177,0.11478441217688093,077f7f0d54e5f1bd10f11c3e411f4c5437d11dd97adf54b0ebc5c43234acb8c7
410.0010641668923,9197,365.9429,365.9429,0.0339580078125,0.185,38.279,7,100,0,11,0.33165639918922607,18.125545012967343,1,196373017,3.220055289641372,0.09749400445385875,5d9f450e6f3ecffe5e3bc6d7d00cc5d0eb39914d2482257ea2e6ca2c0d7125bc
415.0150201669894,9227,367.0571,367.0571,0.05398876953125,0.185,52.174,7,100,0,9,1.1509213043965534,16.56333205029357,1,196967434,3.2475610141129665,0.11712038339988376,c3bcbe75c3228bdf9e225dbd4e528e93ce5fce738995fbebb4498abe063f000e
420.0134808749426,9260,368.3714,368.3714,0.1512041015625,0.185,84.716,7,100,0,6,0.3697540631944534,17.855165335768977,1,197661264,3.153624966775472,0.09216426832810669,b612fdae1b6d3d45853e0243f985caa47ae910a87eac0f1cfe1cbf36d86a46fc
425.01013949979097,9291,369.7429,369.7429,0.042343994140625,0.185,36.338,7,100,0,2,0.4533497965944997,20.0,1,198378674,3.1997097084079686,0.1096685843801012,cabc2420a670a6fc7bb44abb514634c460f94abec7de706faa3de9b04eda0f4a
430.0421804578509,9322,371.0857,371.0857,0.151903076171875,0.186,84.282,7,100,0,0,0.1261629032305582,18.23510337631308,1,199102482,3.2285311764267113,0.09987242168302864,a716de73708d5b38b608c6bbf3c422530d949a713e9b86a2a34b9c8e26c685b5
435.0108505829703,9356,372.6,372.6,0.024387939453125,0.186,53.477,7,100,0,0,-0.6544248413967164,13.832553155438589,0,199922337,3.2011110912668603,0.09977242178558618,55e37f63f3436732fdb51cb0737c89f6df3eda920c290bce729ec4015f0962c8
440.0104012498632,9388,374.0286,374.0286,0.071985107421875,0.186,42.646,7,100,0,0,0.30515995337039753,20.0,1,200694767,3.1826152252067073,0.09398249373680519,f415458394d06b342ddf995f4731a6042e047008f4b59917a9cc3cfdf7d89c8d
445.0120126667898,9416,375.1714,375.1714,0.022636962890625,0.186,84.478,7,100,0,0,1.3036841921815736,16.36562944817211,0,201303254,3.2702933097591003,0.10094220591152765,129d0160eb78d6f543dafec6dbb4ab9034faa768bd4a88a46e765557b87d6342
450.0091445418075,9447,376.4,376.4,0.0414580078125,0.186,70.017,7,100,0,0,0.3896746681783274,19.101902503220746,1,201962159,3.217748058779853,0.1004134286327996,ee6df9a357e8272188c1166a642f0e7c51108cf7fffad33410081dff059118e1
455.009545332985,9474,377.3143,377.3143,0.193908203125,0.186,103.739,7,100,0,0,0.8997124994469088,18.897482474032284,1,202457032,3.290111208527525,0.108383452720884,0dae79ac58618f74d6b174c0e905ec2c6e11eac542390e66e4ed0d650dbdb3eb
460.0116520419251,9497,378.2286,378.2286,0.261669921875,0.186,48.61,7,100,0,0,0.727512395144444,19.66140208265212,1,202947554,3.132170768643474,0.09274844109575288,4152517ea8c141afa36be721b3b9159a53e730acadbeea2b898de296bc1d6bc8
465.01033016690053,9513,378.8286,378.8286,0.022094970703125,0.186,126.333,7,100,0,0,0.345377339436705,20.0,1,203262632,3.1208443625960123,0.0932719420738813,8196ded2eedfbc3f86ca76d817096972039619eb787198ab06c3b5ceff4cdfd1
470.0051764578093,9539,379.8,379.8,0.06698095703125,0.186,32.01,7,100,0,0,0.5196413425834816,18.914565335627064,1,203773528,3.1535199089779242,0.09222062305366253,efde55f0cd27c9f01c1916a8b50133fde4dcf1a2de2283834e40f8661767350c
475.00366387492977,9566,380.9714,380.9714,0.10531591796875,0.186,88.015,7,100,0,0,-0.4631813665104914,16.37607319987407,0,204393192,3.1283060375665674,0.09158705012248583,e9c5d42874a15ab705f74b36d4412f118debbbc4b4b39c0d59a4314cc7affbba
480.0050993328914,9596,382.4286,382.4286,0.189150146484375,0.187,67.954,7,100,0,0,0.1886190083469347,19.298590361511632,1,205182640,3.356601406991329,0.11302493941988735,b884d514c4a42bd4e464c5cd12565d9fd72bdfb6c08e75e05a29940a58610b62
485.00351708289236,9623,383.6,383.6,0.044354736328125,0.187,43.729,7,100,0,0,0.5557074758923137,18.156174555110557,1,205830141,3.3147836282130614,0.11057002355010423,ad009717e1f670b6f68b6f30ac1229a2ce47c0969029c90aa39a2d0635212414
490.0108051248826,9657,385.2,385.2,0.09252001953125,0.187,95.542,7,100,0,0,0.8317570469413842,20.0,1,206718184,3.2531955147432052,0.10984556320219968,90f7ad7b61c909e9e09064482b791ac42dd281da9d3bfc4c008c47172bb1b28d
495.0050673747901,9686,386.5143,386.5143,0.09419287109375,0.187,55.677,7,100,0,0,1.2130564997891042,16.739251372963608,1,207430395,3.2959841598113946,0.11284052727928796,a1f68f33978e6d8df18f9f55a4b84682b1701469a91490a58bf55621086c196b
500.0073694998864,9718,388.0571,388.0571,0.12464697265625,0.188,31.388,7,100,0,0,1.131154882912997,20.0,1,208268431,3.219286090242547,0.10405011919565216,b0f0431f4bf936759bf5feb813b624ae116402e76e106c11b694d6ec78c32126
505.00516420789063,9751,389.5714,389.5714,0.03435107421875,0.188,76.51,7,100,0,0,0.12822378580614668,19.698219908905713,1,209089786,3.3438846381336695,0.11440719374817321,123e20925642097a9378aa61cb9fbb4297581e0bc0cffc7c3fb94258f451e447
510.00519658299163,9785,391.3143,391.3143,0.015239990234375,0.188,43.795,7,100,0,0,-0.09871773021622487,20.0,1,210062598,3.3081495588994088,0.11203573059544136,9b8c985f5f9a2e6b7a92df6bae352949bb15b4d6c49bca130050953d3034abeb
515.0052147079259,9817,392.8286,392.8286,0.025170166015625,0.188,39.415,7,100,0,0,0.14083547150184017,18.05620941001217,1,210886958,3.2565514869054164,0.10416498719903722,d36bf0320ff2a4c4ee120e8055cb6d8f502ba7e06d20932a75e8ebe8a267f380
520.0073353329208,9850,394.2857,394.2857,0.1136279296875,0.189,132.688,7,100,0,0,1.0992178517046403,16.398287722083886,1,211664322,3.182929847596914,0.10053812934007418,61f26dccb4afcabea3bd8dc3ec195a5f418d3bb97a5a033a43be6e07cab9b226
525.0159558327869,9880,395.6286,395.6286,0.296135986328125,0.189,52.557,7,100,0,0,0.38159784885420617,19.072036970872883,1,212373071,3.1351072442854084,0.0944911264419057,78848e8f9f473ba8e49ca62680903e6dd9f444b81c2aa6acbceeb77eea06c458
530.0065177078359,9911,396.8857,396.8857,0.0340830078125,0.189,35.834,7,100,0,0,0.7518284871461363,19.67276065371814,1,213038021,3.182936092291174,0.09570503552611503,4166f3645f0aaa23fa6eeb8a296dcdfd14693078450fe4da965027871e9fbc3f
535.0061801669654,9943,398.4571,398.4571,0.077588134765625,0.189,160.875,7,100,0,0,0.5311764014850263,20.0,1,213866507,3.1831528431155873,0.09455851267815826,d5025350da6b78ca028bcd3f2848090b9abd0a4ee6d10234bc7a32134729c0fa
540.0093360829633,9972,399.9429,399.9429,0.099653076171875,0.19,107.31,7,100,0,0,0.26133749539271095,20.0,1,214644200,3.138882712967896,0.09281918411581426,6ba86e01d9d01f9652157fa23da534e93c7b5d5fb5bde8c8475a1bec1ee60ef8
545.0199434168171,10005,401.5714,401.5714,0.12710595703125,0.19,73.397,7,100,0,0,0.09628303030621652,20.0,1,215504802,3.2089904260829094,0.09834004748932017,f0e6ddbfbb3bb8b2c8dd5c06aea4f6e9339157ade67192dba962d51d2b410cf9
550.0149059998803,10040,403.4286,403.4286,0.09938818359375,0.19,113.952,7,100,0,0,0.18105677939261966,19.456892825162946,1,216494218,3.203485177090456,0.09984556289343806,302afcbad42928b52a6791ef106d2de7248718b1d06e072f4088299cec1d476b
555.0145637078676,10072,404.8,404.8,0.023662109375,0.191,66.918,7,100,0,0,0.36892145235087764,18.577000518865898,1,217232960,3.2347376678510456,0.10449208562999793,28961c795c78e44dd46b4276bffb477091ea90980fdac606f98a0346f7f3fd49
560.0072582499124,10104,406.4,406.4,0.135836181640625,0.191,48.244,7,100,0,0,1.1957344551055882,19.05300770425671,1,218094871,3.285157329304717,0.10756882455620671,d927a8db886b6c7faad3eb64f2bdf4dba3e1cbed536e38878c23031260ea1309
565.0082565830089,10135,408.0571,408.0571,0.1204990234375,0.191,41.074,7,100,0,0,0.6002913305015503,20.0,1,218984741,3.2079398481074364,0.09993381236437808,ea759f87c2e405ce7952d953fac1b377c6154f6b9759273bdcee228fff203974
570.0061256249901,10169,409.6857,409.6857,0.0599189453125,0.191,43.261,7,100,0,0,-0.4178911048062721,18.232472084670587,1,219832742,3.067267457191574,0.08815347672449464,24e6e8e96c2036b043b6299ffc08707a7968419ebf0316f4a74b9d8a11dfdc26
575.003437916981,10200,411.3143,411.3143,0.082509033203125,0.192,171.193,7,100,0,0,1.6940249185324154,17.823393717591518,0,220697782,3.1996048342779,0.09746906456070069,40965a66c657937b2b594c0d67a1b9d234f25c63a54a04ff22f60604bfdf4f57
580.0019824998453,10228,412.6571,412.6571,0.073041015625,0.192,103.491,7,100,0,0,0.9039775499418506,14.845645130273107,0,221408061,3.1616834527831275,0.09635347704958937,82e01c4d253b890feae549ec38851f3b25f894faf3e9df46bd22ffcc6f150c28
585.0042075829115,10251,413.5429,413.5429,0.175680908203125,0.192,188.305,7,100,0,0,0.24590902828246314,18.970857065640534,1,221878021,3.207050897512805,0.09640335685932117,461e9721e3f22bf50ad242a1f09990d225f12317148648cc631c662f40fa4125
590.006817124784,10281,414.4857,414.4857,0.30364111328125,0.192,80.306,7,100,0,0,0.9103142803023111,19.023695618791532,1,222386932,3.2510980321418232,0.102485371207231,6587f70f8a0e611b2f2012e1465bd5dab666f0ef77d411379a56a1216b36a676
595.0094624168705,10304,415.6,415.6,0.922367919921875,0.192,437.827,7,100,0,0,1.0977900599012016,19.489460461321165,1,222986325,3.2416593604356048,0.10889136593382526,169bcc7016f7333f431622cb6ca76008e7a73e0c4a5374ddf64a766f2391f9dc
600.0052590828855,10329,416.6571,416.6571,0.115135986328125,0.192,62.754,7,100,0,0,-0.0301467826858493,18.69702542587046,1,223556422,3.304391753228302,0.1072434049523818,11d124c5a0b69fd9f4616589142e32ae87fd580229aef2a4dad401e1e584dd3c
605.0078264998738,10359,417.8286,417.8286,0.08372705078125,0.192,181.136,7,100,0,0,0.5318407524500351,19.51950102004153,1,224193590,3.2364156539321507,0.10152134215857747,91c06f5e5afbc87b85541f0886a13481e5374d0744b7ff784abb697900904a97
610.0070055418182,10385,418.9429,418.9429,0.140203125,0.192,267.423,7,100,0,0,-0.5089851680500568,18.248230239585293,1,224789051,3.1717083156795214,0.09916163030898754,820f14f6b1dfdeaadfbd27287f4e39a22e28b11fe143bead98b09ac288474202
615.0051929999609,10403,419.4857,419.4857,0.062863037109375,0.192,173.505,7,100,0,0,0.22630438964577848,18.39298134217291,1,225075834,3.1583893011607467,0.09671894434817292,8b384dd7704fa4154346cb22f7167f1bc634fa6010b24709bab06e7c45e41d2c
620.0092886248603,10423,420.0857,420.0857,0.2333642578125,0.192,109.051,8,100,0,26,0.7959585822529694,18.894728848014097,1,225386720,2.9752790700601137,0.07683165413297503,089b1fb6f873721ca993213b26bd61a42bc38dcef5f83d9282382116b58037f5
625.0059625417925,10449,421.1143,421.1143,0.011737060546875,0.192,61.887,8,100,0,23,1.8665751947308984,18.796929257628182,1,225909173,3.1617452733229574,0.09049784144990641,9a6f095c98cd3b31bf7e4ae268940a3c0bc5baf5300a735a60b09b2eff8181d0
630.0069659999572,10471,421.8571,421.8571,0.01798095703125,0.192,99.814,8,100,0,22,0.9095021076497738,20.0,1,226318095,3.3704642609131414,0.1061820139186775,27edb79f267006d776f5cb248276b35765ba11ebc64989abf67bf5ff1f0fc833
635.0056581248064,10497,422.6286,422.6286,0.8003310546875,0.192,44.883,8,100,0,20,0.8991290248537639,19.53143748982671,1,226760174,3.4344180115025944,0.13190359688240155,96988068718fa8a696fdaa07caf71cc5e683a10c69676fed7b72d21d02e78cee
640.0053406248335,10524,423.5143,423.5143,0.0623271484375,0.192,59.206,8,100,0,18,0.6362575464385659,20.0,1,227258222,3.2651511655710816,0.09712661841343496,22a4bb8176cd116ca4eb8d24361ae1d40621380c9cbb0dea1271bc19ca32d436
645.009408541955,10552,424.4857,424.4857,0.235500732421875,0.192,126.829,8,100,0,15,0.48333836266944213,18.174196145184165,1,227790864,3.331851112295024,0.12481534726330362,34d144d111055eeca03eb92eb91734354e0bb1e25b5d0fc180cbcd795969caff
650.0150578748435,10575,425.2,425.2,0.1196650390625,0.192,402.003,8,100,0,14,0.7682549580557025,20.0,1,228184447,3.23305968176994,0.09987745777233693,9a36a61c27ce45b72bc00eb12086b83cb710ed07cd4a6003bf5b28e720238d37
655.0038583748974,10595,425.9143,425.9143,0.106524169921875,0.191,51.563,8,100,0,12,0.4646553776766565,19.508759735389216,1,228566365,3.156082070299227,0.09273956790920995,d6b6501c6fd43aceec8df3ec1ff05a9bc668619294ce52774557d0c183d52b1e
660.0116418329999,10616,426.7143,426.7143,0.497372802734375,0.191,57.246,8,100,0,10,0.5015348381612804,20.0,1,228987500,3.113922670011452,0.08856546718398152,31b710cccd20fe50d2fc27ea8e4781a189b71efe9b090c0202b0e2ae0f7d83a7
665.0052622079384,10631,427.2,427.2,0.043175048828125,0.191,113.434,8,100,0,9,0.18441067575993542,19.785974390387757,1,229242402,3.158808797681023,0.09461390855324307,70f3f97002789b11704d91199e833a71f377ec75b31f1121639848a478d8e3d4
670.0670912079513,10647,427.7143,427.7143,1.768619140625,0.191,800.105,8,100,0,7,0.2766455862825717,19.645269572051518,1,229518791,3.294725670250565,0.11967817700167334,7191d10671b77bb570029b4da716494dc1f7fbb6df127fa98577646320653967
675.0022476247977,10660,428.1429,428.1429,0.083989013671875,0.191,89.393,8,100,0,6,0.9629420364397634,19.883377547096867,1,229748806,3.2062119044722523,0.11405395625669473,2e9cb64a31e143958bcd9ceee579350360fb193c1b49daa1bb8efddc4758a4ed
680.0040353329387,10691,429.4571,429.4571,0.253402099609375,0.191,103.085,8,100,0,3,0.28808049819465453,20.0,1,230459299,3.241667455982488,0.11906139012738114,f6485a0a84b94a00e5ecfc7baabda7fac6d464185e945653735b2093599950da
685.0090712499805,10720,430.5429,430.5429,0.139065185546875,0.191,58.699,8,100,0,0,0.8361318227202607,17.941662797896065,1,231047527,3.3196857132070092,0.12118848854940685,9ddabdaf1d88435e19d5f5c128f299061c07ac338963c5c6037735968135dcd0
690.0039407499135,10749,431.6857,431.6857,0.13814501953125,0.191,78.678,8,100,0,0,0.10830445352307606,20.0,1,231671618,3.3572306517717436,0.11164124669588525,f4bfbef14aef942dbb5e337e2610bbe8e47604b680cff6b6c890f8b3e4dda224
695.0044962498359,10777,432.6571,432.6571,0.045785888671875,0.191,270.515,8,100,0,0,0.6855852106994115,18.14579461056426,1,232211477,3.3182837116787165,0.11085011966111796,0839fbbbab95721f440917e99471b510a031c72486f1432ab38532049cfdc56b
700.00747791701,10802,433.4857,433.4857,0.22807080078125,0.191,76.481,8,100,0,0,-0.19298252130909077,20.0,1,232670855,3.2829797676828267,0.10824772118486362,f0e678baf68c89546f3607f6ada68b6aa1911ff96cfbc1099ef9e76f6e4a5bdc
705.0071799578145,10832,434.5429,434.5429,0.053216064453125,0.191,63.581,8,100,0,0,0.8898966799404825,19.81068925933104,1,233253177,3.194256253644376,0.10282517928667523,5725baccfd979926b842211bb52ae606f3f5618f562b20ed45abacb936ce3aa6
710.0026141249109,10851,435.1714,435.1714,0.0880869140625,0.191,52.883,8,100,0,0,1.2410550802731202,18.224171884476345,1,233583513,3.155158441995811,0.09531007132768504,091ef2f392a9c783c1c065fc880ffa69bc10ec3b7a7caa5453a74e4477a815b5
715.009821082931,10866,435.6857,435.6857,0.626876953125,0.191,166.361,8,100,0,0,0.6282545766516412,20.0,1,233854850,3.1583893011607467,0.09655515529175972,0819bfcb7200fc3c8459b32f6e94e8a26367ea726886d5ad0b5e31608898a997
720.0031675829086,10887,436.4,436.4,0.250341064453125,0.191,46.724,8,100,0,0,0.5193328168199415,17.2809264295912,1,234231770,3.1841883371577433,0.09981846493973572,1c89d404600872297b217eaf754fe03277e513f74f3bc39bb7f1b602208aa914
725.020480416948,10909,437.3143,437.3143,0.07263623046875,0.191,53.869,8,100,0,0,0.2135507245309246,19.483858827362923,1,234716904,3.2053729114316996,0.1029762586170645,69de9804ab180cc9d81dbffb7474d700510bdc40f25227fb20ad097b69f1bca6
730.010065499926,10943,439.1429,439.1429,0.054119140625,0.191,39.143,8,100,0,0,0.6943298693828791,20.0,1,235682628,3.1167542715233174,0.09279352481854126,d222ee0017bc6d228bfc08b937c33ff65c9a0ba592a85d228484a50342a2c9c0
735.0084962497931,10967,440.2,440.2,0.05615087890625,0.191,75.479,8,100,0,0,0.9621547344203384,17.49566367913523,1,236237903,3.1197956212953213,0.09227745758151251,8c645d378f847f77d0c6978d97cf346e49065b21584ceb7cb1a5d8e2c277cb0e
740.0052379579283,10990,441.1143,441.1143,0.08603125,0.191,72.611,8,100,0,0,1.0078830016874125,17.61971738699004,1,236716128,3.116020152612834,0.08989376464721996,277e0c14ce67d2a3e6673abd20e36bf4ede72902ff97dd659e841fc13a3d3c8b
745.0059492918663,11008,441.7143,441.7143,0.248703125,0.191,81.929,8,100,0,0,-0.00941556260041665,15.261903929702033,0,237024421,3.080362948389343,0.08722230174039364,32bef35732470f84fc91eccf83f3846e30f5e9ec554fbb58ed7f056ca243d1f2
750.0264802079182,11038,443.0,443.0,0.274865234375,0.191,131.359,8,100,0,0,0.8489688479073189,20.0,1,237708728,3.2752190820577143,0.10560719368554852,4c853210e32af18a716c2bfb8805ec1af6cacbd5ab415bc251e4ad36b67f0ab6
755.005171458004,11070,444.5429,444.5429,0.08639794921875,0.191,43.061,8,100,0,0,0.11932132562258686,17.486014283256623,0,238534879,3.1752740361018703,0.09887098277143172,98b23c69af38f9703d1ab7450451a651c24b6a4071aba8384cea3d5ea2f891e8
760.0100546248723,11087,445.2,445.2,1.385884033203125,0.191,100.554,8,100,0,0,-0.16396179654642268,20.0,1,238884523,3.246693318678921,0.10128465211358116,56f1d34a3641f0d12b77cb323ba34832ce28c40045a09ef5de9d5b384b91d3f9
765.0142191248015,11095,445.4286,445.4286,0.083576171875,0.191,162.078,8,100,0,0,0.3591480415072753,15.935226639378834,1,239007738,3.2139725900973652,0.09954796149234882,4b3ae4d8a9e47e95efe86b326523ed72289b930d42f4c53f80bd15e364cbd74c
770.0171894168016,11113,446.0857,446.0857,0.1719111328125,0.191,803.793,8,100,0,0,0.2921329098883389,19.469411265265208,1,239363157,3.265780410351496,0.10305875248887925,860cff958261f262ec691cf1b75940c624f42caa5b2b1a3463a92512fd6eb44f
775.0042212919798,11127,446.6,446.6,0.775471923828125,0.191,282.068,8,100,0,0,0.10719314889908048,20.0,1,239641530,3.223201513543445,0.10626738585666552,17d36d9c9c05facfb0c0c6874ab4bfec71d103cf50e27ba9d462391c32301674
780.0013453329448,11132,446.7429,446.7429,0.153797119140625,0.19,737.218,8,100,0,0,0.8097356951647963,20.0,1,239719700,3.3029058523959547,0.10696834487177077,56a7b332100faa158bb449d354cb5fceaec3bc3e923342ab0b41228650d083a0
785.0003604169469,11160,447.9714,447.9714,0.104460205078125,0.19,113.641,8,100,0,0,0.4873687128359418,20.0,1,240399031,3.3344294363544105,0.11300119871216546,021d2cac5a22cadb6cbed260fc9639e925360f79d9c058d48d312f20d17e8a74
790.0043295419309,11175,448.6,448.6,2.267034912109375,0.19,584.558,8,100,0,0,0.3166951095650972,20.0,1,240745074,3.2198113792302836,0.10190359648940772,813859bf2ea1b4527918be0d3b30a9d380c93af04b02533c992511dc8b8db44b
795.0054411669262,11193,449.2286,449.2286,0.339180908203125,0.19,322.161,8,100,0,0,1.036533459968669,18.76143627389043,1,241088282,3.312134775842034,0.11313453205315786,5fb5536db76523e33638da818d0a25a454f960c710c9b1168e75b62480ec132c
800.0038792078849,11217,450.1143,450.1143,0.149802001953125,0.19,40.7,8,100,0,0,1.305641698715235,19.07681445971414,1,241580376,3.3022766076155396,0.11519664243102767,02755795848f042bb3a0b1b489de4377526dfa9480a73adaebdb333aaf6ff750
805.0054930418264,11243,451.0571,451.0571,0.114123779296875,0.19,360.935,8,100,0,0,0.1423844168482421,19.20686216419808,1,242085666,3.2185141918984623,0.1055007190279561,79615c47ed54abf84f0bb9f03bb07fdb7433f0153aabf1d4fd85e292d4fef376
810.0221517919563,11267,451.8571,451.8571,0.3511689453125,0.19,181.84,8,100,0,0,-0.3552245965038716,19.485669211556438,1,242512441,3.1496327704686733,0.09795203807272969,61ef44264554063c6f0103e45e9c3c0621ead8c6977448d67da7f3c8f80e5efb
815.0055095418356,11298,453.3143,453.3143,0.184260009765625,0.19,59.023,8,100,0,0,0.6837152268224902,19.85968105343157,1,243298079,3.2379887658831867,0.10546043114448429,1075fbe70e2b82e64371702660e6a30086d7ca9c6c949340f661548851964ae4
820.0024576669093,11330,454.7429,454.7429,0.045744140625,0.19,48.62,8,100,0,0,1.279611062593238,15.974267668632159,0,244057183,3.2202650379015108,0.1032844121838424,791052f03335e990c8ba587b143d7451ad2e93a8372fadb84f394c24a561ffbf
825.0720984169748,11352,455.6286,455.6286,0.37685205078125,0.19,80.329,8,100,0,0,-0.07533943504491163,18.240845653940163,1,244532954,3.2823505229024126,0.1100616300623678,e136dac64e4567ffeba03d08846bf589505c577e1f2d7de004377e82ef3024e6
830.0055379578844,11377,456.4571,456.4571,0.158378173828125,0.19,74.182,8,100,0,0,0.4659179390190485,18.792344953037766,1,244982579,3.247981982550858,0.10536738543839465,d43f7713e357b670e66c135a21a00539fe66026b0e9f44ee0354fa77f1547dcc
835.0026476248167,11403,457.4,457.4,0.046160888671875,0.19,159.985,8,100,0,0,0.25787488943394976,19.40435143091441,1,245488959,3.2416593604356048,0.10521774513664268,afea5ed56bb205faee32697e8544865b2391d75bc2947388a086beb3f113ba0b
840.0059589578304,11434,458.7429,458.7429,0.104376953125,0.19,41.852,8,100,0,0,0.6588950020811031,20.0,1,246209384,3.1619550215830956,0.10191990376591244,e67ff111dd0520b1fdaa3c7a1a75f4ffd200d78d54a7a95e984f695dbdaa3843
845.0076764998958,11463,459.9429,459.9429,0.05010498046875,0.19,60.265,8,100,0,0,-0.11106988686543658,17.915229547013197,1,246852999,3.2553978714746563,0.10603693042651748,84c33f6da68aa61fbc04e8d16c923cc3c6855116fc8d0d2f508bb81e46ca8304
850.0060560829006,11494,461.2,461.2,0.064458984375,0.191,82.202,8,100,0,0,1.4725249042086919,20.0,1,247539130,3.2110361144554305,0.1053642680454911,4ac23028f286e07877f54b5bd6b666296f2e1d8badc6ac447f141c3c44433a71
855.0077240827959,11524,462.4571,462.4571,0.028737060546875,0.191,37.847,8,100,0,0,-0.026117735318389065,20.0,1,248223201,3.3214022694585426,0.11298033511200506,38620c22723414124917df17a229851e49d38b527c98933e22887882cadb4184
860.00696887495,11552,463.5143,463.5143,0.020432861328125,0.191,66.673,8,100,0,0,0.17733989988008503,18.64393804105627,1,248803313,3.262424438189285,0.10542038287208091,315a1057879c6d5dee79b973063017147285f5c7c3d10a4fc95bd98c9cf0bec0
865.0040872078389,11581,464.7429,464.7429,0.451947998046875,0.191,71.618,8,100,0,0,0.7737396130295807,18.824634184093583,1,249457303,3.1860760714989866,0.09888297322734395,15f94b9bf60fb641ddba8e7c178d27f643324a2551d1154db37e38dbbdd53dc7
870.0033316249028,11612,465.9143,465.9143,0.05047412109375,0.191,58.541,8,100,0,0,0.6528017079718365,18.595277820982194,1,250072070,3.1835590923773287,0.099637889180326,6eb8db4fa00f252077942751012e5de023e2ce23fcbdfd6b0fb2796f64ef3fb9
875.0032008748967,11637,466.8286,466.8286,0.11569091796875,0.191,259.497,8,100,0,0,0.20246584220900812,20.0,1,250555772,3.1768471480529072,0.09814724147553462,ea84ad8703cb16769ea06bc1aa82b7dfbc270ce5c7e7ff1dbef13d93b270cbde
880.0008276668377,11667,467.8286,467.8286,0.1208876953125,0.191,223.205,8,100,0,0,0.30700446364195866,20.0,1,251087503,3.23305968176994,0.10105059861386423,76996243aa276a8bfd6cddb50bd0d92146d8b4586eb6668d1f162710c56e3c16
885.0129764999729,11694,468.7143,468.7143,0.05410498046875,0.191,94.672,8,100,0,0,0.9117368303002513,19.779541460749527,1,251556714,3.185027330198296,0.09358033542708344,9620c3a37e0aeb7079d8b1ef0cc65b8e90f7331f99c9707d4d617dcda19b2267
890.0147634169552,11722,469.8286,469.8286,0.547988037109375,0.191,294.029,8,100,0,0,-0.22892265327026962,18.359460189301696,1,252141745,3.1663597350459978,0.09531103094002037,7e3810be0fab860503afaf5ef80467d1f677210d4d0c87bef11a7943f6204714
895.0023817499168,11728,470.0,470.0,0.19459619140625,0.191,115.697,8,100,0,0,0.20888554145605467,18.877229732029026,1,252232707,3.1795738754347034,0.09758992746879394,68668f86ca08858e7a3621e92c45586424b1b8cccc9277b5bbe1b1f50231046a
900.007016541902,11754,471.0286,471.0286,0.064309326171875,0.191,54.293,8,100,0,0,0.7171253077500904,20.0,1,252789026,3.2594879625473507,0.10459928047538002,b7e35c1f7211d0f04ad35be42b2a8d099bcd7288ad84550eedd36f4a9c565703
905.0170653748792,11785,472.3714,472.3714,0.200879150390625,0.191,106.29,8,100,0,0,0.1183202598209661,16.26452027440169,0,253515613,3.257453772403414,0.10440311717042282,5732583c79b6abae23100a476b7e4285e981504f554f3022d5601921542deff5
910.0075570829213,11813,473.3429,473.3429,0.5554453125,0.191,243.086,8,100,0,0,1.2224437784042541,16.528082078175817,0,254048289,3.3800932121268055,0.11524244549309297,624770e26cc54bbac31b0feff92609b8e20932c3bf29737eade29b111a3c09a0
915.0696290829219,11827,473.7429,473.7429,0.3806591796875,0.191,570.152,8,100,0,0,0.5049612376016758,16.810139256831725,1,254270383,3.3788347225659763,0.11192757741626848,d6e4d8856f8e477a7cde33d4e47240ffe8113efe556ed505fbdda605fb152556
920.003467625007,11841,474.1714,474.1714,0.0701220703125,0.19,81.151,8,100,0,0,0.4196907652119952,20.0,1,254509895,3.3208095223060647,0.11159903980867364,d6e1bb95fdcf267c7c42ffec890fd4e623f3b1962859caa7496e5ce25efb7ae3
925.0140391669702,11858,474.6857,474.6857,0.1167978515625,0.19,567.526,8,100,0,0,0.09119711658325172,20.0,1,254791745,3.3047935867371976,0.11275203797655801,f27913b8a0767051b5f9e368bdcb29433533566e9a42846a364133349d7b8d40
930.0115283329505,11880,475.5143,475.5143,0.11019287109375,0.19,41.267,8,100,0,0,0.48388642917618196,17.511202284592255,1,255242666,3.229913457867867,0.10776930384423608,e83cc979e1183f363191e80f9d9d05736fe7e9746e3c14021bf618c4d9cf9bac
935.0083186249249,11913,477.1429,477.1429,0.22593994140625,0.191,47.891,8,100,0,0,1.1844988089406576,17.884737532192094,1,256112858,3.2218381498525472,0.10318297292641866,5c2efa02474eb8466fa91ab64d53932092b394e2432b7fc601482897e549eb7e
940.0023817499168,11941,478.5143,478.5143,0.12443212890625,0.191,58.115,8,100,0,0,-0.04315507702085852,19.106564100117918,1,256853974,3.2372546469727035,0.10777673819878449,764b30479a779b3810afd9ac5d4854d495d85c3301f7b84b61b3b1f58013337f
945.0019170828164,11972,479.9714,479.9714,0.028070068359375,0.191,58.531,8,100,0,0,0.7365446006871477,18.89683954587526,1,257631224,3.1381092202612106,0.09754964005684606,73262aca32b75042100d733215ba95ea286de49eec307f6ca3d2b156b0a82a1d
950.0047834999859,11994,480.7429,480.7429,5.678696044921875,0.191,176.607,9,100,0,24,1.1267709212308141,20.0,1,258016608,3.1453849090321797,0.1068978413872614,b3035c2a7affb7780bd8503952439069ad61e078f8636280ab676afcccd167ab
967.6622888748534,12019,481.6857,481.6857,0.51294580078125,0.19,105.112,9,100,0,22,1.0611563262746708,20.0,1,258520106,3.2961939080715323,0.11781870481035113,b3d505f96502f29a5f0deba922255f9da28962bb7fb0a046d65116955c9dfcb4
972.6541994998697,12038,482.2571,482.2571,0.046068115234375,0.19,54.08,9,100,0,21,1.3839900471752797,20.0,1,258838384,3.3450152074848187,0.10235155838949558,7f8ba748109544e43d4dc56fc8da61dbf5c26121a8fe35aeae62e30d74ec05cc
977.6579493749887,12064,483.0,483.0,0.108005126953125,0.19,62.146,9,100,0,19,1.665106442622806,20.0,1,259259162,3.3899513803533,0.10438920830017569,b54090ea9ed61cb3a60bb8c5356c3d9bb865517c16331df58f507d6be4ee2801
982.6560992079321,12085,483.7143,483.7143,0.12698583984375,0.19,73.789,9,100,0,17,0.6912223970990282,20.0,1,259653100,3.2458543256383687,0.11718033526386039,c1ed31efc9ae99f987fce8546dbb6e2bcb77378b3ce951bf1970d12e97a3874f
987.6556985829957,12108,484.3714,484.3714,0.196154052734375,0.189,92.531,9,100,0,15,1.1640800793322024,19.084317138603865,1,260004576,3.250507793178206,0.11399784132712482,f0804501d6ccdbc28e0b4d878ec16bc9e23cba46e31e07ffde294f23a49aa160
992.6656114999205,12132,485.2,485.2,0.036177001953125,0.189,64.979,9,100,0,13,0.6257110637064085,20.0,1,260456711,3.3400312944404127,0.12507386051919042,35af4b6858145e4a190badbd6e3c0eafc464056789bc5200b57d61e4ed1b2370
997.6618766249157,12155,485.9429,485.9429,0.1625419921875,0.189,72.807,9,100,0,11,-0.030890059781326043,19.117945970096166,1,260865283,3.382610191248464,0.12921462814219334,32cad82706451f409409bcf12349cf2ebc04f5f32686c59235c0e90d88e895ed
1002.6583275829908,12172,486.5714,486.5714,0.61389892578125,0.189,227.363,9,100,0,10,0.42221950799361335,18.7872225904097,1,261215773,3.3033393321335733,0.10748633056295152,3717818bee370534567f7f6dfb7ef9db8f6e561fa7c17197192b3a4d759a3e41
1007.6591628328897,12191,487.3429,487.3429,0.092465087890625,0.189,60.893,9,100,0,8,0.7638375838351752,20.0,1,261640193,3.235891283281805,0.10097601864976463,9bae42216a25edc8208ed5e9b31c0e8cfdb0e44a1449259a1c8c61178faa45f7
1012.6590154578444,12224,488.7143,488.7143,0.0567080078125,0.189,46.496,9,100,0,4,0.46362302788069026,20.0,1,262380787,3.224355128974205,0.10112709799222816,536e7c496ff3dd109251e355b8467b36adc9fa494bb069ed0f70563ce735b6a8
1017.6534387918655,12255,490.1714,490.1714,0.027761962890625,0.189,66.226,9,100,0,1,0.39051576544254285,18.65988111032275,1,263179158,3.3136279924400407,0.10790047917025927,85b872d71ac215e50631288bdbd7a640aa35605674fd201a7d1c38be7664e697
1022.658417374827,12289,491.6286,491.6286,0.1150810546875,0.19,58.432,9,100,0,0,0.07714789741213678,20.0,1,263992701,3.3865954081910887,0.12072685792381518,dd45b7e151514370847e2254f25547f489e8ec4ae860116a4460a0fec0ebf4db
1027.6719245829154,12317,492.8857,492.8857,0.69268798828125,0.19,58.922,9,100,0,0,1.1012601081612305,17.284287522869406,1,264686097,3.311736952084189,0.11290623445348028,390aef3b3c9b83cf5ede93ef38c3504c5344b9c16c3b0fa025e2cb404761304a
1032.6822503749281,12335,493.4857,493.4857,0.37077587890625,0.19,268.176,9,100,0,0,0.2660433397845524,20.0,1,265015630,3.2752190820577143,0.10886402822437287,3edca5b3f0744abbe6509727c8218760e9d73e3bcd823cc1e712eebe3b115a68
1037.6580926249735,12355,494.1714,494.1714,0.280050048828125,0.19,648.827,9,100,0,0,0.7088640874555097,19.447990708291712,1,265381998,3.139582609793831,0.09424628227483202,83e42001d91111845de47a6791f9443b8b2afbae501c84e8c1db2697b71f568d
1042.657993832836,12378,495.0857,495.0857,0.068560791015625,0.19,47.061,9,100,0,0,0.39189496566876414,20.0,1,265867055,3.230123206128005,0.10041846484791044,ab1a65f6ffc038ce359bb7edc94f1ddfb919d12efa8b9f1fb620ff6ffd5b0811
1047.663400207879,12396,495.7143,495.7143,0.1074970703125,0.189,54.166,9,100,0,0,1.3639955428774522,16.463706873886906,0,266201003,3.2036949253505944,0.09918513153423528,f84e6706a9f2d43e81ecceb89e7bdb7a1fcf10e155c471422214c352cd71700a
1052.6564867917914,12425,496.9714,496.9714,0.09964306640625,0.19,82.444,9,100,0,0,0.46164018503667303,16.455572714752346,1,266867637,3.197255285784948,0.0971664266083409,cb6190453c9340d44cddc6af54a6afd3adfd6f0fc497ea57a1d54ef159a070d2
1057.6580364168622,12451,498.0,498.0,0.14349609375,0.19,50.793,9,100,0,0,1.2785456146248493,18.449649707143006,1,267410622,3.1080298826399346,0.08942421990659197,fe4c606aad499ed9d741a2c27e7838e2910c0932174c15d4bb9b996bf14ee1cf
1062.6564624579623,12475,499.0,499.0,0.042410888671875,0.19,79.259,9,100,0,0,-0.32849383650921055,18.469509230110855,1,267933558,3.2158191829234855,0.10031774514863559,e73673387e7000bbe8944d6b404cd52c55fe193a793ab08d27fd6f16f448a230
1067.6651394169312,12497,499.8,499.8,0.2616181640625,0.19,131.448,9,100,0,0,0.08862454653240817,16.47059744173684,1,268367052,3.247112815199198,0.10398968804393291,4aee7151c76ffd8223b9e77c4461ccbbb2254997424928083ae7f251e898fb2c
1072.666250417009,12527,501.2286,501.2286,0.033967041015625,0.19,44.621,9,100,0,0,0.2736987861738754,20.0,1,269148113,3.2928379359093216,0.10991966358116717,cb5238e1c5f7c7148b7ae433437803cd3395f6a47403e0b6657d326a75caad08
1077.654737124918,12561,502.6,502.6,0.0964560546875,0.19,45.971,9,100,0,0,1.3351268804841487,20.0,1,269906486,3.289044467813968,0.11079784121941685,802dba1b423620a445db88eab9ed2b6dedb624ab6c249d010f74b1347290643b
1082.685936416965,12591,503.9143,503.9143,0.254218017578125,0.19,38.676,9,100,0,0,0.3719074846180648,17.955761174145053,1,270613894,3.217538310519714,0.10216043113371552,a7e1c7cbc52799fc77447103b6e8dd358b5734fffbd82b67d933f89784b48f56
1087.6545164578129,12620,504.9143,504.9143,0.050424072265625,0.19,61.336,9,100,0,0,0.6977533666714304,20.0,1,271166843,3.343177518342485,0.11341582670695052,570da726973e241401916861753413f1d4d1f9b91eb013543a954b4073bee10c
1092.6692067917902,12641,505.7429,505.7429,0.91968505859375,0.19,49.862,9,100,0,0,-0.33051146104179197,17.60435266857947,1,271621481,3.3144420067035543,0.11245275716426725,1dc76b1b41cbbf15ef52358f5f60a434b8c965303586738c6c3ce743a35eb295
1097.658127374947,12662,506.4286,506.4286,0.47695703125,0.19,278.492,9,100,0,0,1.389370043814492,15.63618163759652,0,271999177,3.255083249084449,0.10226163024349949,f32852dbadf614a59a3ee989582b93b37721ed5fdb307e9d2e7a3b854cd7dd30
1102.6579984577838,12684,507.0857,507.0857,0.04297314453125,0.19,50.437,9,100,0,0,0.5637347186764732,17.51572260172969,1,272344406,3.1971927292863107,0.09994364482514242,bcb33e2e98509d13e7a66b0180cef395c578c3cff058b326f68aeb1df6bca973
1107.6580984999891,12707,507.8,507.8,0.170854736328125,0.19,155.722,9,100,0,0,0.32561901922115966,20.0,1,272727085,3.2053729114316996,0.10215995140767062,1653d3ceaf95e44c987deb2aa5606db496b815df3607f7b2543c943958260c58
1112.672377416864,12736,508.9143,508.9143,0.138613037109375,0.19,92.764,9,100,0,0,0.46324560008364113,18.753346367903998,1,273329164,3.248581053020165,0.1052726615221425,d1b209f3274da78683a09c890d8b292c9abafc401be20381b709240f8d792c6a
1117.6609775419347,12767,510.4286,510.4286,0.079287109375,0.19,49.868,9,100,0,0,0.8373747313260493,17.91923294960371,1,274137118,3.1191663765149067,0.09058105456286861,dd6be6179d87502ef21214010946ae82652755ea3c0c87b4e42d29e2cd6423e8
1122.6540384578984,12799,511.7714,511.7714,0.02785498046875,0.19,68.849,9,100,0,0,0.9500823094646168,17.983232975523208,1,274848296,3.2193561287742454,0.1037143881689412,90e6b179607a5045b053b76be1138a4aaf5bbe85042b206dbf3bb5f2fc63bd65
1127.656127374852,12832,513.2286,513.2286,0.044705078125,0.19,60.292,9,100,0,0,0.7248322805471022,16.786041560400644,1,275622402,3.201702316879281,0.09846570710928657,5d35323237194e63407d2c996a295cd4d072fc77dfd9b5eab836d996d66ebc29
1132.6543342499062,12852,513.9143,513.9143,0.242909912109375,0.19,266.852,9,100,0,0,0.17128647576693154,20.0,1,275987061,3.2101971214148777,0.10047458000629789,bd7a19f33a390da04c24831d131d64e4d07f911f167ab7f30a87e21f1cb684e5
1137.6540302499197,12864,514.2571,514.2571,0.267990966796875,0.19,243.102,9,100,0,0,1.1910194638262415,17.19079160225457,1,276170574,3.20546417032383,0.10139592295310575,0ded61a9db63d8a9c46ee54af28aac2195cf81f45334a5d607c00558b8190529
1142.6874197919387,12887,514.9429,514.9429,0.31479296875,0.19,164.566,9,100,0,0,0.6625997148804562,19.540378045962882,1,276539741,3.2724923546759177,0.10735227755713109,d5fa42a657a0f470de3a5867a8b3711080e4fc05ccd66a83cf79514a8d3197a7
1147.6580141668674,12914,516.0286,516.0286,0.131130859375,0.19,43.642,9,100,0,0,0.7927424743171488,20.0,1,277133254,3.3017522369651946,0.11289328466283578,f0b96a772ad3b6ce62122eb96a35577dd1054b804f50973b00e43ec858cd9fb9
1152.6914941249415,12938,516.9429,516.9429,0.24427099609375,0.19,98.439,9,100,0,0,0.3937613568471427,17.33697197997475,1,277637422,3.2875942294058667,0.11062374079347465,b49b31987273a1a59145da72be26f4e22371a053bd3b1eb03e3716e9cd5d3442
1157.6593766249716,12964,517.9143,517.9143,0.161984130859375,0.19,41.418,9,100,0,0,-0.002822428432817219,20.0,1,278166885,3.3263976575314307,0.11349568284445133,e0adb7879261b347bc8116febf989710a6a3f36b5bffcaec74f60aba5b66872e
1162.6583304579835,12979,518.4286,518.4286,0.035651123046875,0.19,67.209,9,100,0,0,1.346792362704458,17.708364624206844,1,278449256,3.2685071377332924,0.10872350089670477,06c22cb0c29fc0f26c6945a0c012a95f36a26fc16d049eed04b87358388e8ba1
1167.6540579579305,12997,519.0857,519.0857,0.0441279296875,0.19,146.563,9,100,0,0,0.8338221326482446,19.331489322340868,1,278806540,3.276058075098267,0.111505035273714,9b6a6840f15e05d228a5ce2181cd7bc87488d4e8b9ba6db4d5b3e8ba4d209a02
1172.662051916821,13019,519.9429,519.9429,0.181205810546875,0.19,93.193,9,100,0,0,0.28329713358231956,19.00780419350615,1,279271236,3.2347376678510456,0.10777170265874991,5c9745f34ce93cdb23a9bcfc7cfd2125b4bc2c75f94a7d2177c124b437848dfb
1177.6600131248124,13043,520.8571,520.8571,0.1153466796875,0.19,70.53,9,100,0,0,-0.2922487427844001,18.513004879455412,1,279765811,3.2500868247403147,0.10928561069418585,af54ecf1e5cbab74dd61c2fe3edb19d9b478ec68cc82d931c443d3d622290836
1182.6702441668604,13069,521.8,521.8,0.1939541015625,0.19,62.409,9,100,0,0,0.8845662663236779,19.716677580595473,1,280280239,3.2716533616353654,0.10479832099025066,28170b943d962d5fca449124baef243b10cfb62478ee7c99ab2be32084eafe89
1187.6668568749446,13085,522.3429,522.3429,0.225492919921875,0.189,728.141,9,100,0,0,-0.7754832993693614,20.0,1,280577966,3.3385630566194453,0.11619208552854385,7adb15ff63ac136084a1b1e1edad42960b52eb75ecf6818d56a1b98fc13e8b55
1192.6792886669282,13108,523.1714,523.1714,0.517399169921875,0.189,183.038,9,100,0,0,1.2392968039033185,18.00924931173655,1,281041094,3.30544417432303,0.11109856090753237,83aa403f037b543a19dc5fcb04fee2f4535118d58d954009c24440c2c8fa03b1
1197.655480499845,13133,524.0857,524.0857,0.0894599609375,0.189,68.173,9,100,0,0,0.34633371245476924,17.793878471026193,1,281530509,3.2880137259261435,0.10873525134679735,1d218815dbd3baf8380b27a433372aa677276549c169010222e06ba589c49a5c
1202.6614428327885,13144,524.4286,524.4286,0.624081787109375,0.189,1009.8,9,100,0,0,1.1346362305057662,20.0,1,281716706,3.2825602711625503,0.10507961584260543,4ce955a81304b316c0e34a7abd679ec8ef088693e3c11358485d8a80284c5e63
1207.661589999916,13156,524.8,524.8,0.071177001953125,0.189,41.726,9,100,0,0,0.36044257080988784,20.0,1,281917965,3.2594181689056234,0.10974939991106537,90adf494a6a2b4efc167fc1e4733d2ab5c833346e1c26e18a40887d7f825e7e2
1212.707770666806,13174,525.4857,525.4857,0.255783203125,0.189,420.836,9,100,0,0,0.38413409714026797,20.0,1,282286378,3.2045339183911468,0.10092086312803551,aec86ff207b258ae093a20f65be5d9a8ff2df10da3f4a0a031ef762ac665b4e2
1217.6584242498502,13198,526.3714,526.3714,0.013278076171875,0.189,89.758,9,100,0,0,0.3990858514044959,18.449128931254034,1,282756396,3.174111237297199,0.09867266112501198,0c577e6995bcb48b16cf7b53f4fe6e1096898c0871f806f25a680022629ecaa4
1222.6659199579153,13225,527.3143,527.3143,0.016736083984375,0.189,64.788,9,100,0,0,0.16974996973161097,20.0,1,283258520,3.193417260603823,0.09611103074672314,92575946b010a4239acbbd1c7d96b4af9e3f9f5411b56d444e737190fa764cff
1227.6549457919318,13255,528.5714,528.5714,0.00985595703125,0.189,61.095,9,100,0,0,0.5290386138613493,20.0,1,283922717,3.1063261032004124,0.09454892072045636,cd6d2c799aa49b1dc02ade9dad29144c79e098af419ebc072e76493a44cf88e6
1232.6563983748201,13280,529.6571,529.6571,0.110259033203125,0.189,56.862,9,100,0,0,-0.570089352497607,18.538183819114643,1,284485131,3.0446800307189,0.08777745743282139,e2e8520a3bcf5b553a5c4ee95a8f96aa886ac69663bf1a3cfdca5dace9a1ae8b
1237.6531822078396,13309,530.8857,530.8857,0.048001953125,0.189,44.194,9,100,0,0,0.09408442293494147,18.72853650353019,1,285118690,3.145804405552456,0.09205251782901537,c920c69858da2376ea644b9d03538268bc50624af74391db5c3e6dd2053b66f3
1242.6553687918931,13337,532.0857,532.0857,0.149298095703125,0.189,72.851,9,100,0,0,0.2285602704818288,15.399188904516578,0,285755610,3.181885514315701,0.09662469970549532,9aa680b9c343d219a6090f5927409a224119a2e477ad5a6a57e92c2c857b73e7
1247.6551955419127,13357,532.7429,532.7429,0.092722900390625,0.189,141.837,9,100,0,0,0.3541587744914875,20.0,1,286103728,3.184817581938158,0.09544412424769454,be93d1ebbff50f382325e5210796d4120370442d2e2a7167fc955355804f01f6
1252.6553573329002,13384,533.7714,533.7714,0.2259951171875,0.189,83.253,9,100,0,0,0.49527322818858066,20.0,1,286647676,3.1642092634104757,0.09259352475142735,3af6f250f7a7089bf8a6ca2d3b46f7ff1aa455e9a5c5fa3b79d96eb186ab85a8
1257.6592472919729,13410,534.6857,534.6857,0.010201171875,0.189,81.505,9,100,0,0,0.528935466461413,20.0,1,287133964,3.233688926550354,0.09711486776847933,9f0383e97f4b8f63d265f87879a6dc8d23bc3b0d000f753d7bb925ca6417d277
1262.658476082841,13435,535.4571,535.4571,0.014487060546875,0.189,132.225,9,100,0,0,0.9797808715456031,18.85132072809004,1,287553064,3.2915522158726147,0.10680287738143755,e52e76774d245a11b480734805e324e27fd672f67341268cfa036106d4deb6bc
1267.6588516249321,13462,536.3429,536.3429,0.17990283203125,0.189,42.731,9,100,0,0,0.676767535078965,18.90456227568426,1,288040215,3.211665359235845,0.10583980779251619,dad62e2a425c17479a80d105c21306d1fce2dd9e5e62b6ba30f051f8da79f4e0
1272.6590020419098,13488,537.2571,537.2571,0.07501416015625,0.189,40.05,9,100,0,0,0.3000806490651763,20.0,1,288540263,3.3177252465443865,0.11091822452171916,1d70f38f70ecbcd51733b68013041d52995725345eeaee081c0cf8a577331229
1277.6571287079714,13517,538.4,538.4,0.011802001953125,0.189,74.55,9,100,0,0,0.547564762375059,20.0,1,289158999,3.3050033349973362,0.10883645029500968,5af0353c52fabe2fa991d153dd8ab39bd06524d5e746da8313b6c3c1dc1f49c5
1282.669435666874,13539,539.3143,539.3143,0.5044609375,0.189,90.738,9,100,0,0,0.48089429432338404,18.610334415935235,1,289662524,3.3289146366530886,0.11288129432881765,4401253024eddf7f8be74f12cacc06ed019f70917b0e4d3721ebbaf978a4ed91
1287.6534024169669,13560,539.9714,539.9714,0.208031982421875,0.189,114.641,9,100,0,0,0.5344824704363585,19.218581154685026,1,290023816,3.2404045506688135,0.10299951983258414,9f77374388bc18a79f8a6eedc52eded5b07fd7bcea11f7e10a91f41e72bd27eb
1292.6579669998027,13587,540.8857,540.8857,0.147730224609375,0.189,48.333,10,100,0,24,1.3696052332793829,17.59079722368278,1,290482942,3.1569210633397793,0.10861678606470683,300955f769f6d222504a39520311a03d4739d423762ca54d3597c5feb5ef1035
1297.6761551669333,13618,542.1429,542.1429,0.139421142578125,0.189,67.754,10,100,0,21,1.6273227952297449,20.0,1,291165823,3.3721227782415544,0.12729040755254073,2b21ac9c83490fe3107b7434a1e30a578e3237591195de7aa7b3841c05fb2344
1302.6696187919006,13650,543.5143,543.5143,0.129155029296875,0.189,45.921,10,100,0,18,0.9880616489442323,20.0,1,291930762,3.2444909619474704,0.09491414859327287,5426e9d19d74a3a35c984a6ce780c9ec9b8df52028291dd03e4023a719a3c981
1307.66449762485,13680,544.6857,544.6857,0.136267822265625,0.189,150.671,10,100,0,15,0.9292939146832556,20.0,1,292570549,3.269136382513707,0.09900719398858497,3e9ab46b773cbdbdf06e9fc6656c39448a80bc313570a88c2d1a4d0155e7eacd
1312.661030957941,13712,546.2571,546.2571,0.064623046875,0.19,91.879,10,100,0,11,2.3241016814396858,19.66639643819467,1,293432170,3.2944989949378543,0.1274278173369704,d82c9dd47c24f7af535e748f3545fcdc8f7435e08e979211b52a56de032e3bae
1317.6690915829968,13745,547.7714,547.7714,0.125089111328125,0.19,40.526,10,100,0,7,0.15202249355148467,20.0,1,294267050,3.3565918395268315,0.1286479610559889,458cab6dd4b32c1f50c45e7ec6ad3c796a0d6b27299ce4449b6feff47c409367
1322.6564260418527,13781,549.5143,549.5143,0.053947998046875,0.19,62.774,10,100,0,3,-0.21601257423536183,19.99381793163902,1,295238613,3.340870287480965,0.11675467589611581,4d648f1583c59aa4ccecd9088dda1243a2acdcf2dcb257cd5a480f53dac77139
1327.6642987499945,13816,551.1714,551.1714,0.02163427734375,0.19,54.656,10,100,0,0,0.5936996792603494,19.730183055575207,1,296155610,3.3193011135075965,0.11412110278636665,1089e8173c6ab18656d0160cb21b9912937d435343413837945021a15ab4caa8
1332.666097749956,13838,551.9714,551.9714,0.346219970703125,0.19,141.439,10,100,0,0,0.167446160760135,17.641552832665436,1,296592022,3.2785021942979826,0.11053788925137073,88f8eff3310053d4256054c0ed02c003573bdd37c44e3ff47c1a42855d2f7602
1337.6663649999537,13861,552.7429,552.7429,0.220260009765625,0.19,141.905,10,100,0,0,1.0097828844317345,16.17808574620927,0,297014010,3.3811419534274965,0.11266858445887222,ca673ffc944cfd8b0ffd8da5f4d52615b1d927ea3016a24a5654904104c9973c
1342.6615534999873,13877,553.2286,553.2286,0.0559599609375,0.19,34.484,10,100,0,0,0.495848165780511,20.0,1,297281738,3.2900063343974564,0.1125681052301361,dae74dfe0411592241c1e6e213f6719862652706df29fdfb5c7a617259e6d34f
1347.6603636248037,13907,554.6286,554.6286,0.08788525390625,0.19,43.451,10,100,0,0,-0.37903678230890064,18.472701300276324,1,298056478,3.3512528263578054,0.11766690562578444,d44bc10aebf52c812e434efe8f5f495528b69c61ebe34eb68484982b95e26450
1352.6675100829452,13938,555.9714,555.9714,0.026607177734375,0.19,50.535,10,100,0,0,0.20025704277616227,18.681185126684184,1,298797256,3.2279008296414275,0.10525635442019098,c3222efcec4de05a39bdcee05dd34cc099917129d506ac23a5eb73ae2e4df2ff
1357.6581140419003,13960,556.8857,556.8857,0.57914111328125,0.19,145.168,10,100,0,0,0.45477947448984435,20.0,1,299284048,3.23075245090842,0.10402230150834044,21cfe0097896bab807da86a89f622d22ddee0d79f5bd2ea923a81361b115d1cc
1362.6580012079794,13986,557.9143,557.9143,0.076900146484375,0.19,169.208,10,100,0,0,0.5299182752992411,17.320543531839373,1,299829934,3.2255087444049653,0.09994748150846755,e5ae3b551e707118176a9c12b9647cbfdc0f3c0ccc0ca7d2d4efe19d6416ec97
1367.65504258289,14012,558.9143,558.9143,0.10459814453125,0.19,190.43,10,100,0,0,0.3973999052539109,20.0,1,300369709,3.2565514869054164,0.10817122241017733,2593ef033757e672a2d4c218d5cf19a4fa7891bc0366b6d8df496a5f705545f1
1372.6579590828624,14035,559.8571,559.8571,0.3260498046875,0.19,144.63,10,100,0,0,0.2106502327398948,17.834168751504787,1,300866706,3.151159241835843,0.09415611466394969,a45cc33d0c9d5167815ccbee7a8d4067c16b9beacdf2058f36418fb37aa13b0f
1377.6865229168907,14057,560.6,560.6,0.89011181640625,0.19,187.544,10,100,0,0,1.0901839922268362,17.111902307437244,1,301263896,3.2710241168549508,0.10625827290662547,5044195d6f39ff0de49694b1f03d3a7acc92f3e2b09c175d56a3e5c6f6d152b1
1382.6847664997913,14080,561.4571,561.4571,0.081337890625,0.19,55.145,10,100,0,0,0.22651769870873123,17.453586906063613,1,301724458,3.1675770109136065,0.09762733814660968,40cc45ae4e834eccb227147c33269c4fb64bc6b7da4cc44654e8d6a752d4df26
1387.6593634998426,14090,561.8286,561.8286,0.073655029296875,0.19,1158.563,10,100,0,0,0.41542577083396254,19.140533657033366,1,301917990,3.127766055180572,0.0921290163772222,88d86baea607415a69825844241f62636e9e16034fe675c6dc8c8c63d768caab
1392.6572453328408,14102,562.2571,562.2571,1.0824560546875,0.19,268.8,10,100,0,0,0.23881155601575074,20.0,1,302140336,3.069473670940068,0.08946306907769506,fb409a87c94b60c9fe888db2dabe375b20ebfab5420451c8d00bc2e0cc499bed
1397.655439666938,14111,562.5143,562.5143,0.8828330078125,0.19,391.718,10,100,0,0,1.124011290591607,18.33379525305831,1,302274836,3.164262252444616,0.09539520327538242,6435d51b3cff81cd754ea20715a5ccb2e0c238660457d1d8272a1772b92d4c76
1402.6581505828071,14128,563.0571,563.0571,0.077320068359375,0.189,36.055,10,100,0,0,1.0634625531344684,16.794952077026565,1,302556352,3.100991010204264,0.09092829693631549,452160435b722d302918a0b2c5ba7d81ff548174c2eeb41391cf010336cde046
1407.653320999816,14157,564.2,564.2,0.19334619140625,0.19,75.707,10,100,0,0,0.2922462123958964,18.441295174347925,1,303155741,3.1569210633397793,0.09285059888808507,9249ec81c9fc6a16e0fbbbc4ac02129f08b289cabcf49992e193b8175ec6ad49
1412.6580391249154,14182,565.1143,565.1143,0.071239013671875,0.189,35.812,10,100,0,0,0.21299166369621558,20.0,1,303631579,3.0939965852983247,0.08866498769345811,dea1859c7e5e9b4c391723bf538569d064d9bf057d73f6da3fd93d204c975c00
1417.6563106249087,14196,565.6,565.6,0.929055908203125,0.189,157.651,10,100,0,0,0.8229839402472745,19.79972366069593,1,303885723,3.1686669659075175,0.09319112683158245,2e160273d1da210eb60006f810fd5c1d8196fb60aee82102c1a4e6bbdc9dd83f
1422.6531805829145,14223,566.8,566.8,0.037072021484375,0.189,189.182,10,100,0,0,0.30944021938018296,20.0,1,304511108,3.0490924582158874,0.08438129419732668,a6423d1efc6dadb46a2bb3456070cfb0cd7a8089951cff5d8cbc2cca6817f819
1427.6586042919662,14252,568.0571,568.0571,0.141077880859375,0.19,36.219,10,100,0,0,-0.19643948099482286,20.0,1,305158042,3.128936384351851,0.08959376445625394,eab54b24365323c7255788d44155b65b5f184861596ed93fe4b3e69f402f244c
1432.6859740829095,14285,569.3714,569.3714,0.02148095703125,0.19,90.273,10,100,0,0,1.0951436077443757,15.402979200319834,0,305842733,3.1810450519353224,0.09663405209581945,d0adb0f539b825c8eb0a2a7229f1c1c4f1d1c26b7e0292d46329f6e346d7bbe4
1437.7043826249428,14318,570.6571,570.6571,0.021676025390625,0.19,96.619,10,100,0,0,0.04578581687774033,20.0,1,306532181,3.239352129574085,0.10091678615929855,0de32aa15d3c5f2e7f737b79f1cac02434df81dac0eee108c216816b33b081f0
1442.6613203329034,14353,572.0571,572.0571,0.09534814453125,0.19,54.478,10,100,0,0,1.300347515153833,20.0,1,307299169,3.303760300571464,0.1091685843119639,7e73de9b8532b9eec597f63136a4e8801c6060606ffdf65a611cf984f511b466
1447.663358416874,14384,573.3429,573.3429,0.1708310546875,0.19,125.355,10,100,0,0,-0.15385143637735724,15.600353215251523,0,307991644,3.2857064950646238,0.10514052699723982,2f0b64b206c86ae7926b2a1d20cf62d8236770be5355b791de854fbd480b2d46
1452.684837832814,14402,574.0857,574.0857,2.32294189453125,0.19,44.976,10,100,0,0,0.9742059909516532,19.207916176597475,1,308396360,3.258262533132603,0.10730935171199349,903ceb075f89bd42c15c3f52600eae27fa84be02bb15ef0e76fb0f06212dc10c
1457.6629879998509,14418,574.6,574.6,1.566885009765625,0.19,85.176,10,100,0,0,0.06838493366059495,19.926511560939755,1,308673950,3.2826359421635813,0.10691966350005808,15132cbe5b9212b3d884265e5faf58715bcac0d67e22d2ad0c82498c87f5aa77
1462.6557159170043,14435,575.1429,575.1429,0.129090087890625,0.19,46.658,10,100,0,0,0.42715789840429164,18.8662324483428,1,308972273,3.2592782142872125,0.10469208608160345,5176325e023d9627fc8b3a3fd1c084f12c1a40052aefc5bd4431a492b11c3ba2
1467.6561114168726,14455,575.7714,575.7714,0.131330810546875,0.19,96.169,10,100,0,0,0.37621763897966504,20.0,1,309318964,3.312390153548238,0.1125239803204793,5694adcb1b31dd3e63af6d8cb06aeb1a8d6e786ae2f521454271c694051b2c57
1472.653400916839,14479,576.5143,576.5143,0.020551025390625,0.189,46.904,10,100,0,0,0.40752424699896167,19.00891022492088,1,309724894,3.2133433453169506,0.10390719398245471,3b598d964f0b78c5b30df4d83f0a8f4ae4a6ccce548ffc93b4e3fd8e8722320e
1477.6539645828307,14509,577.6286,577.6286,0.126114990234375,0.19,69.089,10,100,0,0,0.41484827690454806,17.810628440373215,1,310330937,3.235786409151736,0.10833069507955441,1c16be249eaecac9fcedc60b1a49099a6ffd8c9b1730911d3268adb20396f3f1
1482.6583172499668,14535,578.7429,578.7429,0.18935107421875,0.19,51.727,10,100,0,0,0.8275091206650388,19.05512591692443,1,310931281,3.247637185849543,0.10451390805257244,f40afcbea4ba3b821d14e3c7f02569e49d677997807620e78134456fcecfe5e2
1487.6561107919551,14562,579.8857,579.8857,0.14339990234375,0.19,131.38,10,100,0,0,-0.01169912710792758,17.402346520829237,1,311546261,3.147111383327538,0.09519544307872395,e76733bf86da5bc9af82ff7439db1181352f4e69f8b637fca8e1a3b405111a83
1492.6546036249492,14586,580.7143,580.7143,0.028347900390625,0.19,68.887,10,100,0,0,1.0806017642880577,17.09605479591519,1,311986634,3.2565514869054164,0.10826043104733356,de9b57da9f3d5073ca9d1b3d6bbe3b7298e2bd4882b36f23b72464748929879b
1497.670918957796,14613,581.8857,581.8857,0.26214404296875,0.19,69.989,10,100,0,0,0.0068814144431016185,18.732137102747725,1,312624418,3.321992944068529,0.11074964001076017,d716f4d96be34b8a21479d169991435def38d67a586992d8c62ddc91e9cf4644
1502.6594002919737,14617,582.0286,582.0286,2.96843408203125,0.19,323.874,10,100,0,0,1.264838986332989,19.068774511909705,1,312703301,3.255712493864863,0.11029712185426252,74e5d2d137340ec830a29743c386cb86a98a29adec90e27915d186966f1b8bbc
1507.6717824579682,14635,582.7714,582.7714,0.083927001953125,0.189,69.911,10,100,0,0,0.7000768362597256,19.7575290511523,1,313113844,3.2877634999315926,0.11301582696806718,a2b71ff47d9225aa81a644e036c68b7f1aed62786bc33d48ed7fe35ced8df182
1512.6602945828345,14665,584.0286,584.0286,0.1407568359375,0.189,37.821,10,100,0,0,-0.013909417756458993,18.349639831574855,1,313794545,3.270289997944467,0.11017625814912912,4c74f0329a3f8f3894e7ed55fc26eaed8117939f9f5384788c09c820a5eb97b8
1517.6543567499612,14694,585.2857,585.2857,0.140624755859375,0.19,100.581,10,100,0,0,0.17397958709089606,20.0,1,314476873,3.1946757501646523,0.10316522720356262,5016d8bad603c9f450369e11c8d5e15a13550036a564b35f431044bb8f79ece9
1522.6704101248179,14721,586.4,586.4,0.2759189453125,0.19,137.188,10,100,0,0,0.14882132426926944,19.99283632682986,1,315074208,3.2534052630033434,0.10600719373445396,f543d5a7c8fc143701ca81dbcb3044260898c0fd1e11b3e0a735c1f5aa5afe77
1527.6778199579567,14741,587.0857,587.0857,0.235715087890625,0.19,1479.258,10,100,0,0,0.22700519240107922,19.597765978674456,1,315444544,3.2112458627155687,0.1015498792262395,9d778bb464cf5b285afa786212fc4d3767fcb6cda3d6a0c3c93ea03615621ee9
1532.6762207078282,14760,587.7714,587.7714,0.1111748046875,0.189,144.809,10,100,0,0,-0.3049659645765098,18.5964633595926,1,315812315,3.14400277839169,0.09680167829434441,22d475f053c97217540849f95a2dbe1fc91385224950ce40a11e7d27d9387160
1537.6609943329822,14791,589.1143,589.1143,0.2433330078125,0.19,116.811,10,100,0,0,1.2439240150132238,17.980103862844853,1,316522918,3.112664180450623,0.09228153450292959,a4605e72fc2e95d4fafe42d149c6e81be75c16a00181dfcf4d4f59340a7005ed
1542.6602672080044,14823,590.5429,590.5429,0.06934130859375,0.19,32.482,10,100,0,0,0.6494779522887829,17.657052485715646,1,317267834,3.167827972866965,0.09566067093036197,56941165eacf3595a5815a1279257da82feff2959703ad77699fb0db90f21b68
1547.6579949578736,14851,591.8286,591.8286,0.246388916015625,0.19,59.829,10,100,0,0,0.12779164240174934,16.11174045295769,0,317959256,3.221943023982616,0.1006625896968546,aecd3650302f05d296ee7013eb75f2ec07ded07a5b5fd81f9aee5bb15606f2df
1552.6729615000077,14881,593.1429,593.1429,0.02726806640625,0.19,107.539,10,100,0,0,0.417950656203118,20.0,1,318652911,3.107735096337376,0.0904479612377112,5172f21a63e227863c6fe09aad3add5d44a3d4c6f409275f0edc6a4aed7c1d61
1557.6558090418112,14899,593.8286,593.8286,0.125450927734375,0.19,87.799,10,100,0,0,1.3195292584806009,15.79599854290525,0,319013241,3.161535525062819,0.09424460388652196,3a7748bb01a2e6450dbcebded56895871ed794d0db5b327e0f9cc36519333fcf
1562.6576292079408,14922,594.7714,594.7714,0.0718701171875,0.19,125.035,10,100,0,0,1.095912449409546,20.0,1,319507404,3.1090623980467065,0.09104963984474153,d9b5d8585ce2935a2a203d731de4c88cc7afb247df6b370573ee728f071d9d8a
1567.65654429188,14950,595.8571,595.8571,0.061034912109375,0.19,128.652,10,100,0,0,0.46627601157003934,20.0,1,320072425,3.1326366305686233,0.09027865640879792,3d060fc70d6e66a9bda5a2c15dd0a5a02004e0fc2b9800f12a1e5e60ad7c5ffe
1572.6549475828651,14980,597.1143,597.1143,0.068703125,0.19,99.473,10,100,0,0,0.5572599541859087,20.0,1,320738526,3.207050897512805,0.09667457995820557,8ba427621698d8b7fc866bc49b56d5491d5fb4c6d3db355ad0411680f32895e4
1577.6581189578865,15006,598.1143,598.1143,0.142156982421875,0.19,71.731,10,100,0,0,0.32233132955927857,20.0,1,321270891,3.214706709007849,0.09562422036844065,4ec5fed798b339b45f74a4f5a0476adb2ed3da9c5ee867fa66237f6bf99dc54e
1582.6598932920024,15037,599.2857,599.2857,0.073454833984375,0.19,62.185,10,100,0,0,0.3666931627963062,20.0,1,321903657,3.2273964787462086,0.10090383645449988,663d2c3a61e672227477069d97e1a8ced17441154a15ad73004166f1e402974c
1587.6894289168995,15064,600.3714,600.3714,0.046222900390625,0.19,94.717,11,100,0,25,2.9130819604120424,18.893209867556596,1,322470370,2.978388560466541,0.09678177439993776,e17592abbd9a33c19776ae1632d868a0ce7ceb50260dd50d3a8d216c17393f2a
1592.6577904578298,15095,601.5429,601.5429,0.0888798828125,0.19,57.399,11,100,0,23,0.9961351526183432,20.0,1,323084560,3.2139725900973652,0.09396618687769966,492e74237ddd74efa82aa8e0dad126f8c44ed608d8c7227140105d7c19b8dd20
1597.6596284999978,15126,602.7429,602.7429,0.046949951171875,0.19,47.734,11,100,1,20,1.9155803069459019,20.0,1,323756053,3.3346827138068886,0.10185179826317743,b5c4617772078ae3f65f86598755d7e58c19b42cd5b85afab9ad5a4bda42688b
1602.658058791887,15149,603.4857,603.4857,0.32847705078125,0.19,108.884,11,100,1,18,1.157165146646531,20.0,1,324167571,3.3180077271259036,0.12173717018911014,1f8b12696e71712e769548212f8b6a619de41fd6d8111365783c50abbbfe74b7
1607.6589379578363,15179,604.4571,604.4571,0.038361083984375,0.19,71.174,11,100,1,16,0.10335384946494286,20.0,1,324701748,3.2947094791568,0.10012422042692384,c36887590739f6f65fbfd03b837f60385385c3f070a5c7514afe16b317213a54
1612.6745554169174,15193,604.8857,604.8857,1.46485791015625,0.19,48.221,11,100,1,14,0.4521119438977686,18.512684244741617,1,324937985,3.302486355875678,0.10403333317202419,acd3387625f9ee7957060933bd89a80d82b400b3f348c2075fab246c25736bf5
1617.6811257079244,15205,605.2286,605.2286,1.244572021484375,0.19,489.122,11,100,1,14,1.2912566664926022,18.832995798070126,1,325125511,3.2580197247263833,0.09823357260409671,734c5d2437e903e25d2372a6a8d5a648dceab968c122e4fade74ed4c1f0e60b8
1622.6609573748428,15213,605.4571,605.4571,0.05331103515625,0.19,299.47,11,100,1,13,0.7210390427285134,19.7158643108113,1,325250500,3.30691756385565,0.1186990401211289,5723bd898b80690afce99d9ec83b64178b3a87befa4d50fabbdda49067ff1a86
1627.6655759999994,15230,606.0,606.0,0.6610439453125,0.19,231.096,11,100,1,12,0.44090731825705076,19.397186086326766,1,325538652,3.1156006560925573,0.09198896850022929,1a045ae2b6db60a5044e388b897e045f5e7ad8e870b2aaa4db947436ee4270ce
1632.657979791984,15246,606.4857,606.4857,0.12319384765625,0.189,54.236,11,100,1,10,0.8171160459002764,18.666006070268278,1,325794414,3.2368351504524266,0.094038608778882,9050fbe4f4d1e2838edea90cfca050755ea7bebcf07127c84ae8e8519302ca51
1637.735799707938,15271,607.4286,607.4286,0.33078173828125,0.189,309.557,11,100,1,8,0.346792513028867,18.790291847161367,1,326289421,3.2064216527323905,0.11053788909143925,e609a34cf62cd9ebf7d7ad048224908cf7e3fcd34800052b92ec116749be1912
1642.6644645419437,15299,608.5429,608.5429,0.039470947265625,0.189,145.709,11,100,1,6,1.3373097014029862,19.542712181241782,1,326885503,3.13259026516375,0.08998848888141575,e49d18d942f2ea799badf4abfb0cb88ffa74e15adc5f1dfb2b66cc5d6c317be0
1647.6580077079125,15325,609.6286,609.6286,0.227876953125,0.189,91.17,11,100,1,3,0.7391850995839843,16.097338188306168,1,327453973,3.1617452733229574,0.10808393248764193,5467b1fbc9c36140c64cc3a0ee9c318487e4c9bc195539971633e1d9b7919786
1652.6770600418095,15352,610.6857,610.6857,0.346744873046875,0.19,127.292,11,100,1,0,0.5338777414613466,20.0,1,328011614,3.1967732327660343,0.11058081485024247,dfd487e82dd04e96eacb3776678b5e2dd3e34eac062ee5ba945209a8d36a2c41
1657.655931999907,15366,611.1714,611.1714,5.519983154296875,0.189,151.526,11,100,1,0,0.9494271343531795,17.60685887262198,1,328266778,3.1414769677643415,0.09093261362510321,84f3a60476c8ca174d44240fc73f7b702de98fbf6035a7be86a24ca3f8262033
1662.6772710829973,15367,611.2,611.2,0.1757119140625,0.189,6276.88,11,100,1,0,0.7132691126051256,20.0,1,328281529,3.0939965852983247,0.08985611475657669,d01d111a31eb82ca7a657cf5b014d3e271b2753857d88d344053a5ace3f62899
1667.6606691668276,15382,611.6286,611.6286,0.13751416015625,0.189,550.688,11,100,1,0,0.5029221472163118,19.646691937348066,1,328505095,3.19152952626258,0.09565635462637993,63b04dbfcc18f13c6c291bb10fba5c10008008e9c75f231c16cf571f8752d875
1672.7405255828053,15395,612.0571,612.0571,2.416220947265625,0.189,206.403,11,100,1,0,0.6565265319713837,20.0,1,328731222,3.1749439585767054,0.09366067117676127,86db5cf137b43255dab1cd8d85a6f219409416d9d4d0cdf252e1ab91f15977a1
1677.6619948328007,15403,612.2857,612.2857,0.080428955078125,0.189,128.464,11,100,1,0,0.3170061597276066,20.0,1,328851884,3.150209119015358,0.0921661869450517,cb7e88facc63a3fd3fc3ec7c1c64486e5bc72d9df7b208b6e05935a938d62a66
1682.6574755418114,15426,612.9429,612.9429,0.055611083984375,0.188,81.547,11,100,1,0,0.5303520346608727,20.0,1,329198043,3.1489506294545286,0.09279232565421758,f88912e320f5b36333a931f310c3972339b9fc207cc0e240c62b6674a65b61b4
1687.660871541826,15447,613.6,613.6,0.49827294921875,0.188,265.728,11,100,1,0,1.3245458548784899,18.937135071623445,1,329542736,3.161535525062819,0.09019808106218483,464c7fd71aded501ddb139e7a92cf5902d1a84a0f82d48ab2596673486224ed0
1692.6561741668265,15450,613.6857,613.6857,6.5090087890625,0.188,398.496,11,100,1,0,-0.4814717600782124,18.71134887457246,1,329587230,3.097352557460536,0.0895913665317799,75fe4a39631394c5558125295aff6d158e562ee56cbed6ec1b527f365f4735cb
1706.9683559169061,15457,613.8857,613.8857,0.238104248046875,0.187,415.318,11,100,1,0,-0.0651601170206152,16.94926479493868,1,329693209,3.237044898712565,0.10093429231215956,585773e756206a77c71930dbb1243c087cf19665fc975d4540cc5c1ab43a0221
1711.9395036669448,15470,614.2571,614.2571,1.344216064453125,0.187,79.397,11,100,1,0,1.2644379810338293,17.056238634147885,1,329891211,3.1890464012460664,0.09469856088255181,9626af5053ac4fe2915b5a2835203f1f711de1812193738c1c3c6aa910d5c3dc
1716.9397656249348,15493,614.9143,614.9143,0.064862060546875,0.187,78.406,11,100,1,0,0.32263544619882084,15.461791523972932,0,330238057,3.124200334758223,0.09259592303062612,1a1fe72de5d201725a768fd3397142cbee48e17c81b71847a113fdc4fd44a75e
1721.9576996248215,15509,615.4286,615.4286,0.208952880859375,0.187,56.322,11,100,1,0,0.15124048161005701,19.684441423518454,1,330506248,3.128395299960987,0.08957170212138288,1695232f0320abf6d08384c9d45332886e8d7f01ea40d56c27f3ca8522067df0
1726.940952166915,15532,616.0857,616.0857,0.13910107421875,0.187,72.397,11,100,1,0,0.6069793736050008,17.279435112141527,1,330851126,3.147901888153838,0.0910872896933692,2230d82708116c86b33757b60cbe41bc313b79791f57260debe4cd53a88ba588
1731.9423419169616,15555,616.8857,616.8857,0.245579833984375,0.187,125.839,11,100,1,0,0.7479278607759167,19.385049202994498,1,331272175,3.2043241701310086,0.09596954379045786,a0dcfa97aae142ee78ba669817448b5b3a0eeed60da48f0d1d0f56e4cec6e648
1736.93950033281,15563,617.1143,617.1143,0.28149609375,0.187,206.168,11,100,1,0,0.8601013280667135,19.759534760762833,1,331393575,3.193207512343685,0.09715347678081063,be74736374008be5d1afebefe77668318793263933c146134c2950bd07f69a8b
1741.9358203748707,15578,617.5714,617.5714,0.128666015625,0.186,115.085,11,100,1,0,0.7701612949545648,20.0,1,331640538,3.201885938601753,0.09552949611641265,b846df538388541e1ac12a98bbfd15ea24cf484ac77321ab2979b0d4a1406105
1746.9528038329445,15602,618.4,618.4,0.10036376953125,0.186,189.083,11,100,1,0,0.5148525868410831,18.64461957967776,1,332086760,3.265931752353558,0.10103716983401821,e19a59df8f822a67c26aa7ee4516371f3d77218f7c64ea1aee1435aad56c8769
1751.942917374894,15625,619.1143,619.1143,0.12900927734375,0.186,122.257,11,100,1,0,0.39771678446982706,19.17093483300272,1,332476786,3.294096425470151,0.10598896847741496,a2469410f403c9b5093348bf8ce657614eec1fb96f2e1b2611b3a006ba1f84c6
1756.9411436668597,15648,619.9143,619.9143,0.187514892578125,0.186,146.55,11,100,1,0,0.11712619842483547,17.585856571811725,1,332902879,3.1726521828501433,0.09677625879801266,e0290fee8e8e13b318b619097c682b59dd2597f35af1b5f4d108c806a81b5eff
1761.9444406249095,15671,620.6,620.6,0.06128125,0.186,75.855,11,100,1,0,1.7849820402860228,20.0,1,333271259,3.2169090657392996,0.10112949610552811,790716315f683b7727626401f61b65a62d0d51849edcd491ec26a3e24e1eff70
1766.996699332958,15692,621.3143,621.3143,0.870341064453125,0.186,412.562,11,100,1,0,1.28050364253346,15.087292566865603,0,333645637,3.132170768643474,0.09296810501819723,8598ff1ff4d1e4eda8f2c38e09dce1fa6c039cbace942c2a33c776c1cde143dd
1771.9432699577883,15717,622.1429,622.1429,0.064787841796875,0.186,91.821,11,100,1,0,-0.4013797054628685,20.0,1,334066609,3.0251991559730014,0.08627098275238829,af45e75bc9c26bf137541e568fa24e16a145accdf2df5dce6223afc816054549
1776.9377044169232,15744,622.9429,622.9429,0.067760009765625,0.186,84.347,11,100,1,0,0.685488640646666,20.0,1,334479193,3.086655396193488,0.08778465194825158,f78e08f5c2f98a94b23e67cf9fe90fb9b91be12311ad9dd754e80b89a2ff874d
1781.9535084168892,15770,623.8857,623.8857,0.652068115234375,0.186,102.236,11,100,1,0,0.10495685972837321,20.0,1,334966885,3.1653109937453068,0.09246882457726935,921aa6d93f87c08f20fd48353ff8bad7f1189a093432737db49a5ef0c207943e
1786.9420973327942,15793,624.5429,624.5429,0.137198974609375,0.186,115.686,11,100,1,0,-0.147875851377417,19.79287328057425,1,335320537,3.242708101736296,0.09926306910992783,2c74a5491d45645c546abce63be39cfeb7cbe1cf8bbf7be8ddf8846d9f29d740
1791.9683824998792,15812,625.1143,625.1143,0.273407958984375,0.186,757.259,11,100,1,0,1.1044363461313509,16.886254045020074,1,335631527,3.195514743205205,0.09784436412916375,4fb2fcf691339e0d677ccbb1c9c97e0c23f304462880081e77b4a9e11f5875ba
1796.9375955828,15833,625.7429,625.7429,0.10247998046875,0.186,56.158,11,100,1,0,0.1348583453563131,15.46148083511402,0,335966865,3.195514743205205,0.09640671423595477,371859d6908b944d7fce31bf271e856839ef1cccf5d8c5708f269ee9683c7514
1801.9394501668867,15860,626.6571,626.6571,0.056842041015625,0.186,51.625,11,100,1,0,0.8420449430411691,20.0,1,336454754,3.19178269609236,0.09537913626715529,7877f9aa7de5779b47aa2056de82ed0cd164d4428270c99583c783732a45d863
1806.9395065419376,15874,627.0857,627.0857,0.139467041015625,0.186,87.228,11,100,1,0,-0.7930013405149721,19.41251509310996,1,336682281,3.222991765283307,0.09877218201545562,df0a5a33d211eb2ffc2bd8fd4bbbf5ab31c4e2ed9759bc6aaa419962b7c35fb4
1811.9403174167965,15898,628.0857,628.0857,0.047890869140625,0.186,82.845,11,100,1,0,0.2741812137472806,20.0,1,337214377,3.1617452733229574,0.09226091061978393,9dcb8d5f5d68d71756537aa7c6b465b597547cc5a693e7dfcdcfd273f3abe80d
1816.940474582836,15920,628.8286,628.8286,0.684580078125,0.186,191.203,11,100,1,0,1.2374023746543408,15.640736114491455,0,337602094,3.1485311329342522,0.09182278141772293,cf29bcb80020e76674dd0e1bf5b80586eac139a06ace15c01390263a75b9dcb8
1821.9377710828558,15925,628.9714,628.9714,0.610066162109375,0.185,353.269,11,100,1,0,0.29671426415559665,20.0,1,337676385,3.0732800808259397,0.08841414849653675,9e3376fc3ae7e4544983285dbfeb7e6f34d9997b27d06cf8192de8e5719057c9
1826.9470402919687,15951,629.8286,629.8286,0.15052880859375,0.185,68.111,11,100,1,0,0.6505702576019925,19.58337300846561,1,338119426,3.123151593457532,0.08993597045361161,c6905f3820abb902cfafa1d0de3e09850fa7d56649304a6e80f1662c195ba404
1831.9402833748609,15979,630.8857,630.8857,0.056833984375,0.185,99.364,11,100,1,0,0.09662579884526934,19.563180854235416,1,338666203,3.174330168931249,0.09081414834796803,529032496783313f4801c58b253fc5325d06a8d34e93a75f05c9530a0f94de1a
1836.961775416974,16008,632.0857,632.0857,0.033218994140625,0.186,93.776,11,100,1,0,1.5495542654839776,19.219254301405247,1,339299007,3.2217332757224777,0.09689496362329755,dc80a189bc2485374ebb24dd80822373828e6f2e50c7b2ff323612b219ac7105
1841.9451037498657,16037,633.1714,633.1714,0.242712890625,0.186,54.451,11,100,1,0,0.16238703991516643,19.588694128703924,1,339871108,3.151628868622072,0.09351127077069506,d9c0cf87c73ce5986a9798320a74c21eb62c15eff1bd9b6bb14c52415302a34c
1846.946889874991,16068,634.2,634.2,0.076968017578125,0.186,114.43,11,100,1,0,1.372406139801839,20.0,1,340425252,3.2137180269725394,0.09928944793069731,a077765c7a0ec09f0ad90d518fddc2e8c40f574c7ce2e607fc642bd57eb0172c
1851.9419714999385,16096,635.1714,635.1714,0.631904052734375,0.186,344.394,11,100,1,0,1.2574645536442026,17.798809293634463,1,340947024,3.2932360896241804,0.10418728985135528,d2355b8551759d9e0312855d9cffff0a0f9f3114e6a392cbf2eef6229422a17a
1856.9493132918142,16109,635.5429,635.5429,4.2281259765625,0.185,358.689,11,100,1,0,-0.2692310868464908,20.0,1,341150095,3.3687668060793436,0.11168465175241153,ed095d0b171f55a4fd3590024a15d6f87e034057ea72054642ee8930254f3f16
1868.499336082954,16110,635.5714,635.5714,1.51472802734375,0.185,5853.067,11,100,1,0,0.8416848931144549,15.597580394314093,0,341166111,3.371115250634084,0.11331606701657687,86e3c09d85a0ee9692a343a9abb812ab3b14f67d503577002cd5086bbfcc6cfa
1873.4793104578275,16128,636.1429,636.1429,0.167777099609375,0.185,71.856,11,100,1,0,0.18065055595956495,20.0,1,341485685,3.37149353346114,0.11277553903841948,79952c900f6908673cb8762e444c15d63d41355d74973fdb7b5c4e6d5fe0a3a8
1878.4774088328704,16157,637.1429,637.1429,0.11993408203125,0.185,57.797,11,100,1,0,0.7471382546006222,17.508400424284087,1,342038109,3.2255087444049653,0.10628369277289693,a1dce216a6da162ca72b792b120b12d018badfce9513bd0432926f661cfcb172
1883.4801460828166,16183,638.0571,638.0571,0.522865966796875,0.185,168.15,11,100,1,0,1.1036327946698024,19.003723890352628,1,342537106,3.3317547016912408,0.11188489148101956,cfc87a3390eb14cd3e5cfcdbf55d702ec84e61256e0fd0a92036ca32640b89d4
1888.4793093749322,16197,638.4857,638.4857,0.126284912109375,0.185,70.965,11,100,1,0,0.09498256945103775,19.70115505803557,1,342774531,3.354503924389947,0.11440023956913892,8246133d0c930fb1830b95c37c214756feca3c76b9bf2c93b0f2903a8e7d4e08
1893.5074459579773,16214,639.0857,639.0857,0.694135986328125,0.185,166.442,11,100,1,0,-0.7286304495839152,18.143394421639307,1,343107813,3.29535491503098,0.10981846489645965,def0238eef6a118dce38dd88b3c06e70c1dc3d43e8ecf0609f9867e6c0650484
1898.479737207992,16236,639.9429,639.9429,0.056992919921875,0.185,142.486,11,100,1,0,-0.5571761299037155,17.18902067388402,1,343574463,3.2628439347095615,0.10508848875248748,3d7fb69a432e07a2a273bf3573d55693af06bfaeba2c80ad74368213bb375574
1903.4837801668327,16252,640.5143,640.5143,0.097423095703125,0.184,126.54,11,100,1,0,0.6774146851623579,20.0,1,343886747,3.259907459067627,0.11087386021016465,0b4b4b77ede3d5ae90e784c0140c8378320cb7759ba4dfdf58ad9bfe484dc17b
1908.4794698748738,16282,641.7429,641.7429,0.172026123046875,0.185,53.873,11,100,1,0,0.9896082016207448,18.400958029582945,1,344539458,3.1709741967690377,0.09819928008265406,167b356e8099bbb733ec2a644b6f03fe1313639c74eac0c1ca46fd3f564459a2
1913.540744500002,16303,642.5714,642.5714,0.193465087890625,0.184,201.302,11,100,1,0,0.42659703243446156,20.0,1,344980792,3.1429503572969617,0.09632589871259808,8b930ab01d67fcb74af7f7e95eb70bda2ee6fc2fc553a95f340a4e3b54f8aa4f
1918.4862340828404,16316,643.0286,643.0286,0.933112060546875,0.184,59.727,11,100,1,0,-0.21680780784489456,17.203013624407994,1,345220493,3.1688767141676557,0.09624580291695323,95c216e5450567fe4d36fd86c12aa6dafd10def5ce634e2b57cf7ad1b78d8655
1923.475334082963,16330,643.4286,643.4286,0.100837158203125,0.184,82.49,11,100,1,0,-0.49947720603044415,19.101131223909118,1,345429690,3.1166493973932488,0.09226762564503588,1da9fc75023dd51e0689ea8a48d5be9fb1647dadc98b033df0ca2664c9b5370a
1928.478598416783,16357,644.3143,644.3143,0.287404052734375,0.184,60.649,11,100,1,0,0.3667431297160834,20.0,1,345897119,3.202016939269489,0.1001549157521917,adbd19bf4592e1df68ef73211c3e6b657a0437a81d8855e088bd206afe1bc3ad
1933.4774691669736,16386,645.6571,645.6571,0.142381103515625,0.184,127.456,11,100,1,0,0.18687623318678162,20.0,1,346609920,3.141266483545396,0.09429975973219695,30ca08e8debcf9eadc4b6e62319c3bbb81a27d5f6ec0120d4c608599cc16d11b
1938.478553207824,16415,646.6,646.6,0.042958984375,0.184,82.407,11,100,1,0,0.7191071689647864,19.166866710022305,1,347110771,3.218587051820405,0.0965364505590944,379b07fbf17448210fbb34f540a0b58df93e720d770a1305a073b7724c1e3b05
1943.479484874988,16447,647.8286,647.8286,0.16564990234375,0.184,67.383,11,100,1,0,0.5604601929632198,19.74310566041807,1,347769434,3.2027510581799725,0.09648297337605227,af6639c512d79975d6bd7548319987495bac1b20c13a98a16c3f577b967d0e10
1948.4828736248892,16479,649.3143,649.3143,0.1337919921875,0.185,69.642,11,100,1,0,0.38456692811774684,20.0,1,348557016,3.3022766076155396,0.10557865700569329,f84cc121fb74b226013302160e728daaf8e9d87e801758ca6f11400a52f03fe6
1953.4828957079444,16510,650.7143,650.7143,0.14018115234375,0.185,177.549,11,100,1,0,0.6086651891181695,20.0,1,349306677,3.104483998305234,0.09129999963136315,cc1c08f16021cb190b7b3ca50da7a8dc6e10036770280eee34b1ca8b3596e8b5
1958.4756271669175,16539,651.7143,651.7143,0.0525830078125,0.185,215.327,11,100,1,0,0.7725804500482535,17.30305370876503,1,349820451,3.1460141538125943,0.09121822475345288,a9cc8c12230665e39c99cf5d32af5b29efe86ca080166c396df0b7a9e72a0d74
1963.4797104578465,16555,652.2286,652.2286,0.12821484375,0.185,55.413,11,100,1,0,0.45390180935113617,15.560698425040028,0,350086052,3.114971411312143,0.08950647461925029,5c61d3ed2fae5df8d6fa53fa587ba6cd79570338b71623c3ebea0b6c50cc9f7c
1968.477919666795,16578,653.1143,653.1143,0.037619873046875,0.185,134.812,11,100,1,0,0.09915809836618905,20.0,1,350542329,3.0900113683556993,0.08815707393309266,a7f3bf63a15a946474104a355390e763219d734d5c8a94624e128382b94ac7ac
1973.4765394169372,16601,654.0286,654.0286,0.237981201171875,0.185,153.859,11,100,1,0,0.5949412853496366,20.0,1,351020925,3.1825103510766377,0.09458225388410005,e8f51ab05de9a4ce39122a24e89e8f2a20ba471a5bffb4960f5aeb6a9b23f198
1978.4746059579775,16629,655.2286,655.2286,0.131972900390625,0.185,70.616,11,100,1,0,0.38482230036848947,20.0,1,351671475,3.298920635453329,0.10589808148380934,264b1a8b5c2109199ad78fac185f45d9ab60e6c6b86169f81a89f00dac68c24e
1983.4798433328979,16643,655.8286,655.8286,0.36751806640625,0.185,120.904,11,100,1,0,0.5282492694292499,18.246077246551135,1,352001479,3.287803977666005,0.1071529972064574,9bb5b7fb25d61f41f534899f99b66157cf8741c6f6b0f9464da67c4a36f1b89d
1988.4797914579976,16663,656.5143,656.5143,0.0670009765625,0.185,111.684,11,100,1,0,0.27783403281296815,18.099985243396265,1,352369453,3.172337560459936,0.09557649836796213,ab442b3e69cfb4bc704a37be46aac8becf4ff556a8decde50ececbd0e57ffb31
1993.479303999804,16694,657.7714,657.7714,0.213074951171875,0.185,83.353,11,100,1,0,0.29011850797555583,15.582017789638318,0,353031622,3.2149359601763856,0.09747266158357858,ef3e6009ac673a7b89ee6d23e893150fe7d7454473f91213ce5d6c4b26e9928c
1998.5637335828505,16719,658.8857,658.8857,0.468345947265625,0.185,93.997,11,100,1,0,0.3820848773845145,18.917870006870793,1,353623148,3.1921587710429944,0.09765155817728492,ac6dbd6e00a8de491e9bd7e29864f49c7c8c58db2e24a893e3c297d9a0c4b338
2003.506265166914,16739,659.6857,659.6857,0.022251953125,0.185,184.312,11,100,1,0,-0.041079285732074027,20.0,1,354047106,3.1596477907215763,0.09327314096531296,d134335a0a830ce0dc55cbbc2db03a905688e41049095a9c7a8e14dba6217e9d
2008.489046082832,16757,660.3714,660.3714,0.25139404296875,0.185,1118.271,12,100,0,25,0.9156933337556501,17.88219384871826,1,354395886,2.996453340910765,0.09669808136348526,2b7776b8e77bcc1cadb03c28fdd93405c29a2bcaad8a3ff2b4781b9531be2325
2013.478865374811,16782,661.2857,661.2857,0.221725830078125,0.185,127.322,12,100,0,23,1.0549374917091563,20.0,1,354869742,3.2496297943208563,0.11747386041707338,75bae51402be264babf34e91ec75152344a0a5d38334b67c4059e846cc31e6bd
2018.4816390830092,16795,661.6571,661.6571,0.1133740234375,0.184,61.388,12,100,0,22,0.7141468986249774,20.0,1,355070642,3.3132320904240204,0.11791918458103268,41e7971c87c6e376dc04bc16024fa8e6893db8de86c07a05bcf54aedcf3c0958
2023.4903606248554,16806,662.1429,662.1429,0.3439580078125,0.184,1059.625,12,100,0,21,0.3793214765552511,20.0,1,355341621,3.3700252956401724,0.09997769761470435,771e4158703ed539f231b7d6c98e3aec6d7b604f41782c7c2884fcb9d10807a5
2028.4750994578935,16828,663.0857,663.0857,0.210458984375,0.184,59.663,12,100,0,19,0.937290423865218,20.0,1,355869215,3.347162735285111,0.10285563524365085,fc70c3d3a8b9bc5535e76f83157640b738bd579848cbc0d283e2fb2f2b233d40
2033.479384291917,16856,664.1714,664.1714,0.14218212890625,0.184,329.504,12,100,0,16,0.46131602488379,20.0,1,356467432,3.281028004925331,0.09909472377047868,ef7e534893168a4966661b8e57ff681a19558f83c0091ddd2bb6aaf354601c58
2038.4825340828393,16889,665.6857,665.6857,0.044576904296875,0.184,44.502,12,100,0,12,0.16949896063983572,18.06234928529658,1,357299558,3.2755970697279113,0.11969208575225976,738548e6a95e54edb1a06309401e7ceec8f3d1faeb9fb646e80096173ec0a9d1
2043.4866440829355,16914,666.6857,666.6857,0.183882080078125,0.185,64.9,12,100,0,10,0.4935144662191828,20.0,1,357849832,3.291998942868769,0.1059290164341043,7c516abe9e8ee4db1d72e4309006b313945a2e4256627debfc3f862ad3a0378e
2048.480590082938,16934,667.3714,667.3714,0.355369873046875,0.184,73.402,12,100,0,8,0.6285938154046843,20.0,1,358229817,3.342699881076416,0.12612589886525089,259070955a3f341010b7f2f67e9852b902201e38e3758cd2093e5dc74dd73cfe
2053.482549707871,16959,668.4286,668.4286,0.13573486328125,0.184,75.763,12,100,0,6,0.22736145659642032,15.682152215327406,0,358818074,3.268192515343085,0.10896474773859062,c7a448afcc70c513f112ea2c18e5e3ca7c452f32e6edc32cf63e1b32485307f3
2058.488441791851,16991,669.9714,669.9714,0.082949951171875,0.185,47.849,12,100,0,2,0.9104498609497651,18.127999616858173,1,359672356,3.2871320472747554,0.11351654626210209,6cdd90e604769b9fd672bc28dcde055f8cb64490801c0718636d7eba08b20732
2063.4793013748713,17026,671.6,671.6,0.079451904296875,0.185,69.142,12,100,0,0,0.2767106743591432,17.201008723122637,0,360559854,3.300179125014158,0.11178848889410832,ba2e8bf17892ce70b925bc97e4858f1038da92f07a13342315cdd919b24162cd
2068.4789514169097,17056,673.1714,673.1714,0.0388291015625,0.185,52.216,12,100,0,0,1.0516072139888202,20.0,1,361417928,3.3614292903240717,0.1170832126149969,81427e1f5e913c17afae29750697d6853a4a33e2fa9b1dc5a1ab6b04b2eb611f
2073.477632207796,17079,674.1429,674.1429,0.441343017578125,0.185,70.808,12,100,0,0,0.8838424481230873,17.12236638569008,1,361958375,3.3354168327173723,0.11641846471395632,4a4defbeaccccab77671a1c43f2888205c7577d7500f4bf4fba0fdc72dbbace5
2078.4858073748183,17102,675.0857,675.0857,0.045217041015625,0.185,51.314,12,100,0,0,1.689138897616515,17.99124196485722,1,362486351,3.307939810639271,0.11375059943710542,41215b595b4e664a9cb95dcec15b69c80b85495745ca4e921e404c1116f26454
2083.4792945829686,17127,676.0571,676.0571,0.2063818359375,0.185,64.995,12,100,0,0,0.3617824934278201,15.715907521410296,1,363010299,3.272398151948557,0.11064868027624776,51c260a6d5dfbfe71921b0a984e130b8c6076dd7b9d3cc6806ade5c7d3b00749
2088.4779137079604,17160,677.7143,677.7143,0.19231103515625,0.185,161.912,12,100,0,0,0.5024604831731626,19.637030755740525,1,363914485,3.307310565858856,0.11021582705932038,afc2624036ca301cb35b049f29f9a351c0fcf6f90877dd479752ad0760a2fe15
2093.477215041872,17181,678.5143,678.5143,0.122550048828125,0.185,376.941,12,100,0,0,0.2827933716716275,18.94999806279395,1,364350489,3.2752190820577143,0.11380239757682684,ea8814d48fa506d11768d977d690193de9db5586c57085232a3904db966d7dcc
2098.4777552078012,17210,679.6857,679.6857,0.09647412109375,0.185,61.772,12,100,0,0,0.8793498947092833,18.501910929330876,1,364996347,3.2294939613475906,0.10318848894357936,b02ddc2eb4143b3f603a7cbb60143abfd8da755774c11f82915a45040e34a6e1
2103.4771739579737,17238,681.0571,681.0571,0.015243896484375,0.185,156.058,12,100,0,0,0.2685407726432172,20.0,1,365736424,3.2442898460588094,0.10543716997764552,a7d27c1af901b16a8fa492e0f6493a64e4bf23cff3f51f8a88efa30beb3033ff
2108.498589291936,17273,682.6857,682.6857,0.061578125,0.186,96.415,12,100,0,0,0.46162135111873426,18.89502706390274,1,366634845,3.3354168327173723,0.11169448368717823,cbe14af7b905d20a3cee0011924eb0a0faef30580a07aec9f2f6ef13f92316d5
2113.4793060419615,17305,684.4,684.4,0.103460205078125,0.186,46.822,12,100,0,0,0.3089328333102027,18.99684161373711,1,367573986,3.2737060293720592,0.11096306891205421,d456a0dc32068fa9cc53e8fe5734d2aaddd07e3639b196ce12ee5c5074120059
2118.4783387498464,17339,685.9714,685.9714,0.0916572265625,0.186,62.875,12,100,0,0,0.5106637240348675,20.0,1,368412974,3.2237762973721042,0.10367721795461507,149df945b588ef58c4ec58ae08aeb9153448c0b4159760987ae7e46e6cd1353f
2123.479549582815,17370,687.4571,687.4571,0.208405029296875,0.186,52.526,12,100,0,0,0.48820852674130405,19.513928732517424,1,369204872,3.210776408641214,0.10060239796029383,fd3bf802a83484704b52c7c7a210b225a9590f5297c5bdcceb8d614c3275f81c
2128.4778138329275,17392,688.2286,688.2286,0.154712890625,0.186,785.929,12,100,0,0,1.2741080445939394,20.0,1,369616978,3.147901888153838,0.1006239802337629,2746b3124e490f791a84a9163f4d1d9759fb5b5a18df8172d7bd256e04ec3b07
2133.4766718328465,17409,688.9143,688.9143,0.09839111328125,0.186,61.926,12,100,0,0,0.8895157163222286,17.11029610452924,1,369982701,3.2263477374455176,0.10009640264668228,8efe4b2ec97b45b56667aab1536bb731033ca455fddfcaced80777792e1699bf
2138.5038289579097,17434,690.0,690.0,0.282748046875,0.186,182.85,12,100,0,0,0.2588876452371994,20.0,1,370568008,3.272025104611302,0.10766402829094507,68c2e0238a19fd3baa1040b693681b43527b7a7b3c64d13cca3ab004e692c586
2143.4765134998597,17461,691.0286,691.0286,0.021238037109375,0.186,101.22,12,100,0,0,0.7593256233791867,20.0,1,371123843,3.169925455468347,0.09659352498891154,067b7acc96c3b1255c507447161419827a8f3c3c310aaefe7cca108268599490
2148.4748155418783,17485,691.9143,691.9143,1.253157958984375,0.186,69.825,12,100,0,0,0.266979214357238,20.0,1,371589702,3.1548235807383977,0.09503381256914024,461b3f0f5f95c6c64ba66a7ee61bf92f59f39f911c478573d2684a0b0c51225f
2153.498803791823,17507,692.8571,692.8571,0.106096923828125,0.186,64.419,12,100,0,0,-0.6758510093744968,17.272548229474484,1,372081872,3.141687451983288,0.09175491558419423,db3faddca36dff62fa99f2d5a4fe4cf644b60b8c5c6f7782267a2ca09a815293
2158.5348856248893,17530,693.9143,693.9143,0.376387939453125,0.186,660.81,12,100,0,0,0.26874669008115587,20.0,1,372631519,3.1166493973932488,0.09172038328557497,79d712a812793bccf60dfac4a14cd440daf298690e64970055eabd04a368f3d1
2163.4838984999806,17557,694.8,694.8,0.110466064453125,0.186,83.223,12,100,0,0,0.13404253067199165,15.861083991781868,0,373089526,3.0960940678997066,0.09078776927943212,7be2e14efe48734e15bb2d04065f2ddd97f2c61b7c724e9ca23c581a63f4a6dc
2168.4782072918024,17587,696.0571,696.0571,0.129287841796875,0.186,114.575,12,100,0,0,0.21678364723192486,15.444064392996783,1,373748874,3.167787495132552,0.09353621043255793,efd1f53fbcd6f11d3d1d62e404390395c4702f5f842f287884a139509ff543a2
2173.47800995782,17613,696.9714,696.9714,0.025295166015625,0.186,106.981,12,100,0,0,0.6100720140464,19.836914210203794,1,374230877,3.116014275253531,0.09019736140761642,64dfe2c4db74eea0226122d220c98b1ecce220218c367fba856f7423431ca3e3
2178.4804821249563,17646,698.3143,698.3143,0.05137890625,0.186,143.451,12,100,0,0,0.2878765160165909,16.889323858641017,0,374933420,3.126507565619743,0.08990311731525186,167c60f04cd0339cf6a2953aff36dd67ca7d04c13203dbc8a5f797d7ed55efa0
2183.476159124868,17675,699.7429,699.7429,0.05276416015625,0.186,136.214,12,100,0,0,0.623644888304872,19.54428371357007,1,375693464,3.2628439347095615,0.10411870465883304,fae9273809eee5979f67caa9e8ba533c855b3ee35527ac5e342a4f25dbf99574
2188.479625832988,17694,700.6,700.6,0.17706103515625,0.186,45.189,12,100,0,0,1.6477627948563829,20.0,1,376162306,3.3369508234955463,0.11081702587079163,ab886868fd30d43591ccf4178b228a866f30f13b97c384ce6d166272cf782d60
2193.4782208749093,17712,701.3429,701.3429,0.39669384765625,0.186,203.226,12,100,0,0,0.9980882313130972,19.290402395382486,1,376574551,3.3484212248459397,0.11341007148348799,98787b47dfd6a99a0df0f04d4b9991f8cad31d2a4bed18ad60007b03f55e795c
2198.4868326669093,17723,701.6571,701.6571,0.45561328125,0.186,982.724,12,100,0,0,1.2285746503325732,19.2751465741742,1,376746812,3.226512592218398,0.10587410010670745,ae91a33125e48af51089e37ff0faf2689fe4d50072b408124ef408899c59809e
2203.479888957925,17745,702.4857,702.4857,0.058287841796875,0.186,107.551,12,100,0,0,1.3081369315079499,15.81493296035269,0,377191916,3.1485311329342522,0.09801270916940878,f207661567c4554188e2c81246140c814ea1bed79631f2d736e52c86239cfe9d
2208.475648124935,17764,703.1143,703.1143,0.091308837890625,0.186,132.641,12,100,0,0,0.18785670192739076,19.12869101356416,1,377530909,3.308569055419685,0.10840095892553167,34bdb083d989994f13721ddb4165458e6ab0e3b18f53835b484f605e04b2f3d5
2213.477048416855,17793,704.3714,704.3714,0.3424130859375,0.186,96.579,12,100,0,0,0.8554091433445217,18.58148328982256,1,378220218,3.263347330533893,0.10715683376907491,42265dda2d452bc6199d151b270b8edbbf7c38a17dfda9c4b0ff11dfe3cd117d
2218.5298419168685,17819,705.3429,705.3429,0.039420166015625,0.186,123.718,12,100,0,0,-0.6839523848453021,19.805075951544794,1,378743731,3.215650576178471,0.10219160617906092,9dcfab250d6644323396a53ac3f55371d3cc925ad53e1ce5d2ca9401d1dccc8e
2223.513419582974,17835,705.8,705.8,1.35272802734375,0.186,309.427,12,100,0,0,0.20637445427923296,20.0,1,378992012,3.269346130773845,0.10827314121944175,26a211dc489d159c3175d6601fdc982eadd094be49476ed13136f18b8dbb12cf
2228.4782393327914,17858,706.6571,706.6571,0.047516845703125,0.186,171.297,12,100,0,0,1.3510736767293927,17.532909623957416,1,379458786,3.2020964228206985,0.10217433987334437,86a1cce80b2be595ef98d3821095e0b95f6796a9379d4992e5e97d14c2d50793
2233.487016208004,17886,707.8286,707.8286,0.05741796875,0.186,54.422,12,100,0,0,1.2152342536448346,16.087696472065947,0,380080795,3.176008155012354,0.0947482006291636,2d9e8f038815e4c5e1db56292bb087e569a6948087ab69eb025b80f3bf8a4c7b
2238.4782557080034,17913,708.9143,708.9143,0.02023486328125,0.186,40.222,12,100,0,0,0.48817320973966005,20.0,1,380650072,3.081621437950172,0.09121174997034091,664d7df9179845e3e0a82691b9cb94b0ef742bdfb14c4f101892460fe6c66570
2243.4793300828896,17944,710.3714,710.3714,0.03689111328125,0.186,157.765,12,100,0,0,-0.8937931789302448,18.69453817246983,1,381418450,3.174522990138814,0.09988776945314433,af8c282525457f18dcc07910cd559c905f02e0328af06f29e704274d06472699
2248.479398541851,17974,711.7143,711.7143,0.079467041015625,0.186,47.37,12,100,0,0,-0.22277568816657192,17.48801672368136,1,382151258,3.2199504155113035,0.10260503542660741,49a3ba0f9ae8c4fb50403424e5044ee692c9a0866cdfd4026f34bc112b4e4d57
2253.482580832904,18004,712.7714,712.7714,0.09386181640625,0.186,45.416,12,100,0,0,-0.041084396082371195,20.0,1,382719042,3.3182837116787165,0.10606019162608933,6ab512b8680f30d5e369d567c47a31e95b02d3daa6156a3db7b5c9120a8d8416
2258.4769726248924,18034,713.9429,713.9429,0.06278173828125,0.186,153.516,12,100,0,0,1.25863289692904,17.739136326219295,1,383350770,3.270185123814398,0.10660983202602084,716bd53ae8cdd018dc33b3ef9e9df896bfa2f6c5fc8bed0fd110e32a2327f8b4
2263.4894491247833,18065,715.1143,715.1143,0.21618310546875,0.187,84.468,12,100,0,0,0.0301128697766039,20.0,1,383965484,3.1296537895218157,0.09370743381643971,a397c9d3037347f60c0919881db0be042462fa2f9005234f1276f559cd9b21a2
2268.5057382918894,18098,716.4286,716.4286,0.13561083984375,0.187,91.935,12,100,0,0,1.0018645856338462,16.70242775618807,0,384657771,3.2540345077837576,0.1010733805559838,1fbaa928e4debbedf8c359a6b2f29f938a982d2d6682f26dfa8a74f5cff0df63
2273.4826453328133,18123,717.2857,717.2857,0.18431298828125,0.187,95.2,12,100,0,0,1.0304308767321324,19.773796586908603,1,385119295,3.131961020383336,0.09570671389889607,bd4a269389485b0c3025b42c6f1885a427a15ae057c1362d0a3fbbe5c7e89202
2278.4786660419777,18154,718.3429,718.3429,0.126532958984375,0.187,43.367,12,100,0,0,-0.2776562806479819,16.498157623223786,1,385674241,3.097352557460536,0.09075083896435118,f64a088bdfbf4871eb9e6662169fadd3a6a89216f4fdd24b518be159edeb5392
2283.4777594169136,18174,719.0,719.0,0.07181396484375,0.187,61.64,12,100,0,0,0.40313915191846716,20.0,1,386017618,3.158599049420885,0.09074076681340765,58d10b9a0acbe80647a5d3e0f65f543fb04beb6386a6676a87a3c65ebd3a8884
2288.4754802079406,18197,719.7714,719.7714,0.11118896484375,0.187,118.016,12,100,0,0,0.9590111706889771,18.88841886340401,1,386417082,3.1010960680018114,0.0890081533255548,59bd4db306019174a27e862e6acbe01f0f9e3c1b89638a986fb302f0b3b3363f
2293.4764755829237,18216,720.4857,720.4857,0.2038310546875,0.187,93.419,13,100,0,25,2.3199948626265727,15.569844188546842,0,386773513,3.0413497720036413,0.0977685845487238,522f1caf9fab68e696a00ca647e6f9831bf52e757d0b5c76d611395255dc44db
2298.4762797500007,18244,721.6286,721.6286,0.38919775390625,0.187,56.183,13,100,0,22,0.9340750000026378,20.0,1,387376317,3.2535101371334125,0.11513717017688999,c32ab051c77e383c811be61f19733ba1fdc9d4dfbb6d65967226a66d7e3024c9
2303.476095874794,18270,722.5714,722.5714,0.01435693359375,0.187,182.856,13,100,1,20,0.5501481232793648,20.0,1,387900090,3.2913417316536693,0.09657122265694498,b89bdca944a57dba48d9ec108c853ae2fd2bd5caabdfe1285585013bcabf7d09
2308.477015082957,18297,723.7429,723.7429,0.11905712890625,0.187,35.099,13,100,1,17,0.2807720304684716,20.0,1,388551699,3.293467180689736,0.09878057530925222,4f62b873eb7128c42144871d53fd694ad654df2bf1f53020bf1f443475dce9f6
2313.47518920782,18326,724.6857,724.6857,0.02727099609375,0.187,76.158,13,100,1,15,0.7878569724300254,20.0,1,389069530,3.2594879625473507,0.09778896836452694,45057c3d2bc254cc33112497da6435a4191f86e631b9ee7903e52345879a83e1
2318.479775707936,18355,725.9429,725.9429,0.2045888671875,0.187,85.721,13,100,1,12,0.4942541583345179,20.0,1,389755716,3.270814368594812,0.10385467567403212,7ef5c38f92a9c2e0eccc2cad5f5f8d2fccaadc4db41661334a73dceab18603d2
2323.47697387496,18386,727.0857,727.0857,0.141989013671875,0.187,96.248,13,100,1,9,1.2765890032690763,19.625156270279195,1,390373323,3.1619550215830956,0.09365851305800935,45e184abe7d8e64c28f78edee63b3e15952bcd01fb52c4d81b4b34d77a5e1e86
2328.5214981248137,18401,727.5429,727.5429,1.113083984375,0.187,336.666,13,100,1,8,0.21230801522553633,19.342076127106512,1,390613041,3.123780838237947,0.09186402828263301,b65341de5276591f47e632048a7b2a1f77c0e1850b5c55b542ee8010371db470
2333.4807419998106,18411,727.8286,727.8286,2.359642822265625,0.187,66.334,13,100,1,7,0.7427521375062984,20.0,1,390763602,3.117068893913525,0.10723764956486997,e56ce107b018fed554a3ca979bc1d653d988d7769e0761d6254fdbbbbb9e2081
2338.4756966668647,18426,728.2571,728.2571,0.155332763671875,0.186,77.851,13,100,1,6,0.8297873490671444,19.097159996953945,1,390990038,3.2052536861048844,0.11330023941084072,dcf924a8543db7e1bb9f69eaffff2c579b87fbda8e4e5be4044edf4cf02025b1
2343.4863632079214,18446,728.8286,728.8286,0.101447998046875,0.186,1384.547,13,100,1,5,0.6861644488173738,18.242971808826653,1,391292201,3.178525134134012,0.09077386050068408,89ebed2775ff4c37ffdcc1c6ea3ad54149379bfcbdded7f2d3860e1fe33d2d38
2348.4899059999734,18463,729.3714,729.3714,0.4207060546875,0.186,139.54,13,100,1,4,1.1262366468503788,16.586011699066816,0,391575752,3.1345309885391344,0.09217697789611845,7490ed66e532b7cb0e8e43b6484fbe6b17efccf3dfc96108ccefb280f4ad9c24
2353.480244624894,18477,729.8286,729.8286,0.041760009765625,0.186,129.188,13,100,1,3,0.3103405486654843,20.0,1,391814612,3.1487408811943904,0.09061654612202978,41cd5d787b9d48aca4853e483ba5832771a42be6de544fa6b5e9270419dcfebe
2358.4806310827844,18497,730.4286,730.4286,0.870514892578125,0.186,251.546,13,100,1,1,0.9925048146998028,20.0,1,392132892,3.217538310519714,0.11213860820872934,1cbc2fca983d97218b4450cb6b7c8ff6cb06f0521df3d9df5ea8558769ab2ef8
2363.47837791685,18524,731.2857,731.2857,0.040862060546875,0.186,263.057,13,100,1,0,-0.05136955203030794,18.801727118387102,1,392582151,3.1516773568363248,0.09152350098067616,b48095c5103052b1c167279926a874065d9bdebd19df4f34e92e0abee9ae5adb
2368.4794821669348,18550,732.2,732.2,0.05590185546875,0.186,118.156,13,100,1,0,0.09608958764982986,17.8877317552468,0,393062893,3.153984587697845,0.09287170241048757,ff20eebd80b60f88fc9d70fecfee0080b27f467357cef7c9ca0be305741f816a
2373.4794288747944,18580,733.0857,733.0857,0.142129150390625,0.186,64.091,13,100,1,0,0.05565863752081327,19.27147135823158,1,393535180,3.219845541381234,0.09982781728964948,8ee93dd0d56527c3f7d7e3668c908f5f0b7bee7aa0bc7ea13ae90409940496af
2378.480006207945,18597,733.6571,733.6571,0.03678173828125,0.186,219.569,13,100,1,0,1.110412200002966,17.53289715882324,0,393845617,3.2601900672497077,0.10489136655633483,83d7f2627025007dc7029c38a6acccf40b133ea71821e80fc57df9c06958b48d
2383.4797804998234,18618,734.4286,734.4286,0.092251220703125,0.186,58.023,13,100,1,0,0.24915959836041024,14.745972871317782,0,394266072,3.273541095976609,0.10618081525983222,849ab7cf6367928d905c0aa4820247e58e2f29e3b39bc9348b9add570611afeb
2388.4829576669727,18646,735.4286,735.4286,0.21212109375,0.186,142.005,13,100,1,0,2.071003590801265,18.045065294670263,1,394819699,3.3652010856569943,0.1148551552802756,d901d061d662be051410671a01016f8dde919a5c83b232ed4a073e74248e3575
2393.4783700827975,18666,736.0,736.0,0.014172119140625,0.186,69.778,13,100,1,0,0.23481888149030922,16.04920658188416,1,395133826,3.2464835704187833,0.1046695437136665,ffe7a5022d83616de9541068965841f2ed2c6d381ffbea28c344952492ea1940
2398.4762099999934,18687,736.6571,736.6571,0.05506494140625,0.186,188.982,13,100,1,0,0.5012543479369799,20.0,1,395491667,3.2692408886643722,0.10577769740292724,7350c702cf1d979b316345e6011fa19ad41801fd03ca9a56d5857cc38d59cf08
2403.487920666812,18704,737.2286,737.2286,2.80912890625,0.186,116.148,13,100,1,0,0.9460682639944272,18.35714684872166,1,395802791,3.2385131365335322,0.10545347678189348,21157b5144755294ed1fd6160e11550ae48e39e555d4222576ecd377681b30f6
2408.496131582884,18716,737.5714,737.5714,0.722782958984375,0.185,162.343,13,100,1,0,0.2809571703309831,19.333477367701438,1,395987687,3.224407750028942,0.10392709817854315,373d4af120739ff05b8d17f34745a8cbcad8388eeb5cda12b32e159cfa7bc517
2413.475225374801,18742,738.4286,738.4286,0.1375517578125,0.185,58.522,13,100,1,0,0.48101330650922136,20.0,1,396455654,3.2997596284938813,0.11163764942199554,b84466af3efcccf0cdfa6eb5efdfa24cd8a223aeb46634f961538c0f70be3cd2
2418.5394271668047,18760,738.9714,738.9714,0.51374609375,0.185,274.209,13,100,1,0,0.17100602466804388,19.04856229933943,1,396755854,3.3864805986171183,0.11709400400160912,47d4d18a9017d2e43385d25fd31cdb0070080b610a4a1d65824096c8e7205eec
2423.4770512918476,18775,739.4571,739.4571,0.23210498046875,0.185,102.219,13,100,1,0,0.20846130062303928,15.901835716607431,0,397027444,3.3325966385670234,0.11576954392437534,b5872c29b46a706a270a467d9a8b385da8c57b1fd3baa393193e57bc68cccb88
2428.4771060829517,18802,740.3429,740.3429,0.0568330078125,0.185,100.13,13,100,1,0,0.9373365295842664,17.50226826799814,1,397519108,3.261795193408871,0.11242326075991876,1d369c08104a97c743d5edd22710bb1ba916d521e28ea6fc4db910e5687452dd
2433.475435707951,18818,740.8571,740.8571,1.619327880859375,0.185,542.067,13,100,1,0,0.15758937576974744,17.835548486725603,1,397791176,3.141687451983288,0.09760215789587343,c2f640f0f2e7e11e73308b974eaee0c7677faaf832089c30c35b830a29831270
2438.507433249848,18822,740.9714,740.9714,3.19869873046875,0.185,312.512,13,100,1,0,0.050249106341030365,20.0,1,397851259,3.1522116629305716,0.0966172658177249,0546fab0c9804f395c0f09e1614a25c7a40a4ef947a0dd06815ac5e89c974c34
2443.4852453328203,18827,741.1143,741.1143,1.175612060546875,0.185,451.571,13,100,1,0,0.4549985123801923,18.207919904148397,1,397926607,3.1619550215830956,0.09638345256733666,7bb33c4ffbc7c8def84ea471ae5338d2505d14a7f04b2a838de2748cabfc176f
2448.484759791987,18830,741.2,741.2,1.6341640625,0.185,255.618,13,100,1,0,-0.3965060069650089,18.401845547237283,1,397971894,3.1816713580360854,0.10139232532588717,efdc7da8bd491f81e8cfb87f8bf3c4f2e4ffdebe77148658012375b6a8dca18f
2453.4958339578006,18843,741.5714,741.5714,1.121114013671875,0.184,224.065,13,100,1,0,1.2545803392366546,20.0,1,398170414,3.1753649270145967,0.09973932822135542,4f58d93166f70c60579645f4de92e3103796e7a42b431997b7da61b9627f32f5
2458.47945470782,18853,741.8857,741.8857,0.09841015625,0.184,85.215,13,100,1,0,1.1445569782020377,19.54162823866813,1,398336874,3.2136129691749917,0.09861630646631818,dc42125c91a012b199e3c948fa9eb359d27b538f8574665c2a9dc089a7c0bfa6
2463.483136499999,18871,742.4571,742.4571,0.775625,0.184,157.197,13,100,1,0,0.48360647875459106,20.0,1,398639747,3.2069375598564496,0.09956594683771938,77b2191ec24fc75e077eec8aafe542d427931378b169efe0685ec30a99e82962
2468.4746851669624,18889,743.0286,743.0286,0.0250478515625,0.184,68.805,13,100,1,0,0.47045719603488195,19.27857523828692,1,398942262,3.189851540181474,0.09770047895550171,ec61dcf7a28377e515a060c689a72d4e760ed72a792d1d9fa3d7b584306a58d7
2473.4754419999663,18909,743.6286,743.6286,0.09293017578125,0.184,431.698,13,100,1,0,-0.10639267673068573,18.35687102158418,1,399261226,3.2118751074959833,0.09581318897189856,b9589606cdf7961513f768c08fea73b1ed8ba57f17fcef8ff22e32b1cf099be8
2478.508210291853,18925,744.1143,744.1143,1.33885693359375,0.184,102.451,13,100,1,0,0.059121237259735296,18.666467308204556,1,399522421,3.29304768416946,0.1055882488360572,726c1e77bb7ba2b1d47d3d79feb271b6f869c77b87a78825af665db167e09229
2483.479240791872,18929,744.2286,744.2286,0.31551123046875,0.184,690.761,13,100,1,0,0.8029092101040757,20.0,1,399585247,3.3138127619231397,0.11099616223155455,ff62a5b2a900d973e0c0a2206bce61ec998b6fafce29d970c52022cd6a07d766
2488.4775090417825,18961,745.2,745.2,0.25176611328125,0.184,100.139,13,100,1,0,0.43984480493776046,20.0,1,400114657,3.2504687873614087,0.10506738588328103,5f7f8711994540f9065487ebb02697ac702037a3458142ddf5c34d59ef3df8cf
2493.479335582815,18988,746.0286,746.0286,0.208450927734375,0.184,79.325,13,100,1,0,0.876691512393563,19.381452199318183,1,400556409,3.253615011263481,0.1057522779000698,b1e97673ea2e5660f381c89015c2f9a188db723349ee0d2e3b95aa85c09fc28c
2498.4798972078133,19013,746.8286,746.8286,0.376369140625,0.184,97.691,13,100,1,0,0.8141071282640595,15.859002028455643,0,400978862,3.1432874264307977,0.0930796157162775,48db8c52ca1f162ff8c4accc7df4aaad405030216d4d1992cf4ac955a62551c7
2503.479328916874,19044,747.8286,747.8286,0.130823974609375,0.184,113.473,13,100,1,0,0.2199862338937592,19.965024733604533,1,401510022,3.237883891753118,0.10527098264433672,e5aa53c8d29d4676b296d3e4e96ff6d76652634d444f36be877126644c7d1992
2508.5141977078747,19058,748.2571,748.2571,0.408374267578125,0.183,392.8,13,100,1,0,0.47164650469747443,18.877570613920387,1,401743081,3.2835538155526787,0.1068124697243988,fc41fa0c61e71797416707f4b8e183c4fe75921ded5a621dd1adc122f5ca8ab4
2513.4781173327938,19079,748.9429,748.9429,0.370042724609375,0.183,62.728,13,100,1,0,0.3786568140721243,18.698144517237278,1,402120881,3.3287048883929504,0.11082613857146001,acc8d396c0cdd7db526c9ce276dd0708e4516124c8bcc1a434a754f848c4cc05
2518.4808212500066,19099,749.5143,749.5143,0.091412841796875,0.183,111.616,13,100,1,0,0.5430809175837207,20.0,1,402438353,3.3123445241021727,0.11152014337416975,5c108df719b1bb3db997131def1eb9eb22f72b8eb69a60c03a844c9df73eb9b2
2523.478395332815,19122,750.2286,750.2286,0.289218017578125,0.183,69.659,13,100,1,0,0.39534351019967773,19.684316656621636,1,402823838,3.1632135111439252,0.09901151021942357,b9c28cee0017b1a2956cef1442d1d171a7dfa9d79ef15841fb8dd5a66e3f49ff
2528.4768078748602,19150,751.1429,751.1429,0.03943408203125,0.183,287.585,13,100,1,0,1.4459899885915128,16.76600416719648,1,403308862,3.1730716793704197,0.09631151042147752,0a258460b39c7b1c18981a1e50afb8cfc5991b4edc7181c55d0ff5c9c34e8130
2533.4773947079666,19173,751.8857,751.8857,0.241606201171875,0.183,163.102,13,100,1,0,0.4525564304362818,17.75688837166054,1,403701673,3.2190065483406816,0.10018465174918316,4d090365c8478118ca8fe13e9ee311930fcab3c1b0f1f6c5a91c48e4d5de4826
2538.482188916998,19205,752.8857,752.8857,0.262070068359375,0.183,65.453,13,100,1,0,0.4563515669893182,18.77494644620404,1,404242522,3.3018571110952633,0.10813908803571803,a8d2152803a43baa8d8c01435e94dd36f315afc5b19fd889f4c334e5bf4d03c8
2543.4785619999748,19232,753.7714,753.7714,0.021692138671875,0.183,88.581,13,100,1,0,0.40201936295320106,20.0,1,404727459,3.269713833065261,0.10965707375565673,2af1d9248687be6279ee1f033b0116046f5acfbb9d13bfb1812a84a316070888
2548.4746255828068,19266,755.0286,755.0286,0.077458984375,0.183,78.273,13,100,1,0,-0.05743892292665265,20.0,1,405410236,3.241239863915329,0.10446546687749443,739333e4479add1db13f8f42031d68ff2931a6dd7f46095060690697c71c206a
2553.479389749933,19299,756.0571,756.0571,0.03206005859375,0.183,131.923,13,100,1,0,0.7056161649685759,19.686244581590522,1,405978262,3.272398151948557,0.10999184598263641,5166f1d78f81987c62c869c80e0bef5a865e859c655fe7367d71bc33de195bc6
2558.478447624948,19325,756.9429,756.9429,0.259343994140625,0.183,63.858,13,100,1,0,-0.1965765641468313,18.201280831276296,1,406468818,3.251937025182376,0.10782134242766069,4a2949514984b3d5e88a1774bc692fd0c968a06be2626512125a6b8c981ebc09
2563.479819417,19356,758.0571,758.0571,0.176988037109375,0.183,48.678,13,100,1,0,0.04884428324010628,18.00663318343619,0,407072450,3.286290110398973,0.11139424415684933,cb3a7bc2259d6ec4ecf31ca7a27ac85210c42929e449d807c8457440ac34acd5
2568.47659079195,19386,759.1429,759.1429,0.08986474609375,0.183,65.481,13,100,1,0,1.2891322932407765,19.03065569368299,1,407660030,3.2582294729865215,0.10597433983485803,3b1de59b1ed7fc630eb18cf9546335b70f50d7ef253ff56f013fef575a802d58
2573.4795471248217,19406,759.8571,759.8571,1.554996826171875,0.183,137.753,13,100,1,0,0.172357985183028,20.0,1,408038307,3.1269535566570896,0.09386163017802845,d72bfb6f2e07ea85b413c6c3f6f0f8e59bff4270b9987bb8db5b24c14305a814
2578.4755207078997,19411,760.0,760.0,1.775886962890625,0.183,323.853,13,100,1,0,0.15146913640915527,19.766359893659526,1,408113212,3.151887105096463,0.09672398066745035,a6857137b994c638ccdcc3b24b266454d27e1af64b15ffc2690e0871ea4dce89
2583.477769541787,19420,760.2571,760.2571,0.10672705078125,0.183,98.408,13,100,1,0,0.5327021447393602,20.0,1,408249037,3.119165640556099,0.09386019094995662,43b1aef0426b344144674ff13e3af2b2107a4ed777d83f8965eb25a670b3ddff
2588.517446457874,19439,760.8571,760.8571,0.969304931640625,0.183,106.826,13,100,1,0,0.6223759905534024,18.43673875963957,1,408563985,3.148422946989549,0.09702374086515951,46b4ae6f1e9c78993e9df90841c58c50adfbfefea8eeffe3f526c6ab902dd043
2593.4798492079135,19454,761.3429,761.3429,0.182700927734375,0.183,120.883,13,100,1,0,0.5938666508373007,18.398418970763746,1,408822337,3.239247255444016,0.10587026358306954,7604814ce4f40e01beedb7e1e607007ce8db71867eb69ab8e7a11b3df2060e4b
2598.4854605828878,19478,762.0857,762.0857,1.100977294921875,0.183,63.979,13,100,1,0,1.183031706219136,17.13788308678194,1,409224416,3.2661999068717726,0.10582685780006419,26c190062dbba3cae3207d09795f6be4904c83298270c31c5cd0c22c819abe02
2603.4784112498164,19501,762.8857,762.8857,0.29631103515625,0.183,128.605,13,100,1,0,0.7889994310489598,17.190160995448746,1,409653604,3.1432874264307977,0.09551798505185125,259bd88374700cf64de2141d0368b3fdccea874f84cbbdc029bcb7e5be25c520
2608.4793266667984,19530,763.8571,763.8571,0.088162841796875,0.183,87.368,13,100,1,0,0.3689952081011282,19.098280400774446,1,410171785,3.1671560424757152,0.09807170207281536,4b2739c8778b8debd043e61a453f721cf9f3af726638d7ebd1eb5d2bb6c4e15a
2613.4786154578906,19562,764.9429,764.9429,0.064881103515625,0.183,82.496,13,100,1,0,0.1903964084983869,18.062508102927495,1,410750175,3.1833493441171905,0.10215035959649987,20b2d586d5e74984c15f3b6e8d5fea26313232197ff74ec5362c84b063de7ed0
2618.4786557918414,19595,766.0857,766.0857,0.09866796875,0.183,165.536,13,100,1,0,0.2870615417258895,17.774821953055483,1,411362239,3.1950952466849287,0.09985947223499973,7c4f1ff06e8def8eaa24a9130707a15c9954ee9b5b1320c9769d427f750b0c5d
2623.4795297079254,19622,767.1143,767.1143,0.024795166015625,0.183,77.035,13,100,1,0,0.7334641428468762,19.488573980205473,1,411903607,3.1707644485088995,0.09385587464974343,87f0116dc264412629e9f27e5d3e1a8607d3400f8476c1e784e70cf85d4c070a
2628.4777159998193,19653,768.2571,768.2571,0.105792236328125,0.183,31.426,13,100,1,0,1.201830255363006,17.243037934543,0,412511314,3.2309475057703,0.10056738547618,8eb30b17dbf9e5563a072c756c51a4532f1609fa8ce14e7e6f7f453fb97aa1fd
2633.4793196248356,19686,769.4286,769.4286,0.020850830078125,0.183,46.646,13,100,1,0,1.1786322788114914,20.0,1,413145498,3.2202650379015108,0.10181007180699343,42b6be435cdc437563ec6b9ccfda6cfba13b6df9dee852cd71d6fe6b88008295
2638.4809715829324,19715,770.5143,770.5143,0.168044921875,0.183,66.067,13,100,1,0,0.27298027586824514,18.374296320787813,1,413718884,3.1825103510766377,0.09731175031308341,4232bfd275caa53534b1f5a3e5b1ed317016771be4062ee569ccf9fe117eb9a5
2643.4773377079982,19745,771.6857,771.6857,0.115842041015625,0.183,43.103,13,100,1,0,0.6873592252345192,20.0,1,414332706,3.101757270923438,0.09261342865850149,5e298c1df7825250e709ca4b7cdcaaa51c5121608425e2cd001f54a10bc3b898
2648.476256541908,19775,772.9143,772.9143,0.112522216796875,0.183,110.039,13,100,1,0,0.47383187795951653,20.0,1,414983778,3.24228860521602,0.1025630695001282,98b43eaa9f9b907cae01b17360af5e41521b520d21f6878a2449978a408c2f41
2653.4795297079254,19804,774.1429,774.1429,0.073534912109375,0.183,85.512,13,100,1,0,0.36362099484091404,20.0,1,415636989,3.1357364890658235,0.09328561120586161,e8a48e1ddf9196c8c7f6d771ab4a44f3272b8fc173e11c1d2cd6aa57761605ee
2658.4822522918694,19836,775.3714,775.3714,0.155576904296875,0.183,240.335,13,100,1,0,0.13734216751619072,20.0,1,416283770,3.105905134762521,0.09219640237178035,963ef5541e0fa9d4ca31aa5757c0cdd219da4fbcf8c5e8fb5fd981cb9de71039
2663.4793296668213,19865,776.6,776.6,0.1433203125,0.183,110.304,13,100,1,0,1.1701766702176872,16.123474630937178,0,416937497,3.2320109404692485,0.10123453226812325,44f9be670ff4704692c448303194edf088d8bec0821dbc15a25a5fa4de079045
2668.4748044169974,19895,777.8286,777.8286,0.105666259765625,0.184,102.633,13,100,1,0,0.28669357579033244,18.65304482093007,1,417603040,3.256970983425693,0.10690575495738608,1fc60dd8554906c5933f3ab8fe61cb0b07a1c596f762d3e29f5bc00d1ccea377
2673.4779699579813,19919,778.6286,778.6286,0.165169189453125,0.184,153.908,13,100,1,0,1.0596115532484969,19.800169800800592,1,418036597,3.277106816398958,0.10879880018528508,c92a20699671a39a875e9924d4c6189f2802d18617a8769056b2f7fc826f7312
2678.4985720829573,19939,779.2,779.2,0.683657958984375,0.183,340.365,13,100,1,0,0.7736305992710563,20.0,1,418348918,3.276058075098267,0.11303645060728505,c62b1e2bbfe5018d96fef50feee37d93330b1de5de19a7e0ad1ad588317159a0
2683.4764374999795,19952,779.6,779.6,0.5844111328125,0.183,1018.388,13,100,1,0,0.37583614696806633,20.0,1,418568990,3.323670930149634,0.1146139084869659,d1ed26f0e2b81d67e8c82c095cbfba0dde2f18ee53eb85555e612cf021d245ff
2688.4947902918793,19957,779.7429,779.7429,0.999239013671875,0.183,224.649,13,100,1,0,0.6790642078641512,20.0,1,418648251,3.2743800890171615,0.1101383689021283,3bd83b8ebf6ff9c40dfa212f4a35554c54e94280629f8222eadcdfd49201c7e0
2693.488315582974,19960,779.8286,779.8286,1.511425048828125,0.183,412.791,13,100,1,0,0.28821758128800185,19.334812191811682,1,418695618,3.3108762862812053,0.11051150992079566,bf86b42a5089f5af9ba87f18510310fa3295141dbff8c9569c110592ba0ae4d2
2698.4790299169254,19973,780.2571,780.2571,0.218151123046875,0.183,113.481,14,100,0,26,1.087140398175066,18.185557418051093,1,418915042,2.944674223050127,0.07699880095086244,e3f370130e953c5eab1f50220c6958764d8652d704bbd28faab3f665e805e595
2703.4793799580075,19994,781.0286,781.0286,0.06719189453125,0.183,84.839,14,100,0,24,1.730419992214048,20.0,1,419309077,3.1288147964812634,0.08573717016080307,7277dd9cbaeb75e70be56126304dc4181f5cf8ce848eb11044250d7b8d0cc148
2708.481161874952,20007,781.4,781.4,0.68747509765625,0.183,307.039,14,100,0,23,1.7836926298454456,20.0,1,419507906,3.2880137259261435,0.11745203837543101,3eaad071acbbd004fb4906e61b331456784334af9e5b9f2bb59e8fe2669302e3
2713.479306416819,20032,782.2857,782.2857,0.0702431640625,0.183,43.247,14,100,0,21,1.5320211252298657,20.0,1,419995571,3.2903209567876632,0.09924748150034494,1bba55693a8f9b450833b4e8e4ca6b471a476e8333f845e47311c708481e71e9
2718.480773374904,20063,783.3143,783.3143,0.053933837890625,0.183,90.27,14,100,0,18,1.2639922567689585,20.0,1,420565192,3.3341583431565436,0.12141582695854525,6ae71fc833134b7eec7d906636937378ff3140e9a78a955b308cdaddfa35bf93
2723.4928177918773,20080,783.8571,783.8571,1.83951806640625,0.183,301.032,14,100,0,17,0.9560672051512008,18.9904124831423,1,420863980,3.332807122785969,0.12009424415676088,0ea14c33312dab3e0b43335dea331968f9cc8b2cb1263217760fff34e654e491
2728.4793912919704,20099,784.6286,784.6286,0.012389892578125,0.183,73.594,14,100,0,15,0.5382805203048646,18.692358957358888,1,421280059,3.2144969607477107,0.11599856097074181,184ad7232d977449c458a92af3179845769ebb00bd38b2fabe5fc141d1a64753
2733.479374666931,20121,785.4,785.4,0.04381591796875,0.183,70.235,14,100,0,13,0.5276056947255254,16.316767279735256,1,421700375,3.3043829062558765,0.10358369280734213,765bbde8c02dc251329216f25a63d7557f8019a25499fc287c4029f9d4aa06f6
2738.480236832984,20145,786.2857,786.2857,0.641751953125,0.183,55.34,14,100,0,11,0.31908528435646244,16.8400020574755,0,422188836,3.316958985825212,0.12433716986644947,0767d04a897a758377d9848dc268cf731768cc6e56c12be467818751d92f78bc
2743.4793052498717,20157,786.6857,786.6857,0.062232177734375,0.182,108.255,14,100,0,10,1.3999241071743447,18.53339762366019,1,422406611,3.215231079658194,0.11320959177261555,e88f0b23ed319877704afb46fc07c15629ed4a06a87c232cb9adb2c54acd7e52
2748.475158707937,20176,787.2571,787.2571,0.0757919921875,0.182,157.942,14,100,0,9,0.9077024911089654,16.830647431115732,1,422711614,3.168629432008335,0.09577721796010798,8bb0944974e44fc302a84eb77b1f09843fdbc4c1452f7c8abc4650d4693bb0fb
2753.4765186668374,20193,787.7714,787.7714,0.3066220703125,0.182,89.374,14,100,0,8,0.35736427376259283,20.0,1,422986622,3.211357728454309,0.09419616308756038,00faa2d410ef3e695ef4a850918db202f4d770ad3d50252257042522d08ca4d9
2758.4796187079046,20220,788.8,788.8,0.14193408203125,0.182,95.237,14,100,0,5,0.041906278494261075,20.0,1,423534676,3.269346130773845,0.11745731376257515,ccd0ad4c42d3196bd93bad54bee690b65603fc9f1296b96ed24b93ddb65e3dee
2763.477505166782,20252,789.9714,789.9714,0.112647216796875,0.182,71.514,14,100,0,2,1.5180902363278095,20.0,1,424166600,3.295972384470474,0.12097290126337838,f93157402f1ea086e296e9f1a566b4f1f1f12188fa8db4dff3da685bf34e23d2
2768.479755374836,20275,790.7143,790.7143,0.30110107421875,0.182,62.34,14,100,0,0,0.125940834813467,20.0,1,424564049,3.2531955147432052,0.11682469956744328,ba2e1bbca28eda40e23997f28fcde0f8a35b4166a19662b2ea90e85d53be4668
2773.4795672078617,20308,791.9714,791.9714,0.071714111328125,0.182,83.364,14,100,0,0,0.3923449486722987,17.61286626381462,1,425239964,3.198904877518367,0.09923237376009271,5a5cc8370dca149830a5f9cc9617f663fe8289720d68cbf7a70ce2e929c53f9b
2778.477613041876,20337,793.0571,793.0571,0.047967041015625,0.182,76.677,14,100,0,0,0.4809715750334922,20.0,1,425814446,3.160873954806237,0.09448417227592278,989964572414a2a68b627c2decdda13a83e75e116ebff82f594545be601d9463
2783.4984222918283,20345,793.3429,793.3429,2.013341064453125,0.182,261.253,14,100,0,0,-0.044086605870771504,15.327480076144434,1,425965814,3.153145594657292,0.09474076665052222,933868659a582a18a9d59353a533081a5b243ac399d64eb5b9de27520b6d9248
2788.4786515419837,20359,793.8,793.8,0.121239990234375,0.182,61.67,14,100,0,0,0.044580732936971824,17.19354282899469,1,426209038,3.2238307583238597,0.10289784108012344,edbefdf5769351ef1d4c49b8cf9e766474ac131439d4b08c07b869082aafa3dc
2793.480290749809,20378,794.4,794.4,0.900554931640625,0.182,126.005,14,100,0,0,0.6838972129725442,18.282510701398827,1,426535068,3.2389326330538086,0.10252182194925409,bdc9c8033b0e606a48704272113cb506f120841bae775bb6cdf2e19e15379800
2798.4887862079777,20400,795.2,795.2,1.45718896484375,0.182,77.695,14,100,0,0,0.9310527057069241,18.86192830484867,1,426970937,3.3075203141189946,0.10879664270071049,c67f0dcf7c37a930af497f89e60a1ff5d608b074662aad12e59a244f706957c1
2803.4766747078393,20415,795.6286,795.6286,0.133680908203125,0.182,71.753,14,100,0,0,0.7608114854443754,20.0,1,427203373,3.28151152986186,0.10688057485314609,9f62eb0b7825b2a7c083a99cab79fd400fdbe1db72597dad6017ad7ff2b6ef3f
2808.4782054999378,20434,796.2,796.2,0.1509658203125,0.182,100.751,14,100,0,0,0.9425519827529806,17.524636473830654,1,427513229,3.233479178290216,0.1046335727494052,b6c60aaa305f19e1f5cd664ef1a95ce328e5ecdc3eb4e8c8235a1aca720544cb
2813.476342666894,20453,796.7714,796.7714,0.05565869140625,0.182,74.735,14,100,0,0,1.3318291348393703,16.894683276192563,0,427820643,3.245245687704564,0.10288105502742655,dbc5e941d0ef2082b62faf2e8832bdd9995fc10ce3c59b870515015a6f2539f0
2818.486159457825,20481,797.8,797.8,0.0984951171875,0.182,38.45,14,100,0,0,0.4837608962215502,20.0,1,428372925,3.241558343322579,0.10238345266237873,47135a47e94b596826a2c93f980caf4e0f9bfc457f630c70b112e6fb687bfd56
2823.4793003748637,20513,799.1429,799.1429,0.021639892578125,0.182,50.541,14,100,0,0,1.0735862489471373,18.45014967711694,1,429112240,3.341289784001242,0.11144316479185014,ef24cb9504a2f64f50518d84bcf2ec4e63b173f3667c44e52728f3029e087f17
2828.479442749871,20538,800.0571,800.0571,0.103324951171875,0.182,93.693,14,100,0,0,0.7199305028379064,20.0,1,429619765,3.286290110398973,0.10953189389499175,e20933af229384cb8a44817335bd52e9a2673b79eee7f1358c78820ac26c7143
2833.492796208011,20559,800.8571,800.8571,1.358625,0.182,432.164,14,100,0,0,0.29460839272826744,20.0,1,430050655,3.201464970163862,0.09831079099932713,d923ac1d5317015c529e3b590d266c98d942cb59cd0d0ee78136414a067aa4e2
2838.492520666914,20563,800.9714,800.9714,3.130699951171875,0.182,80.719,14,100,0,0,0.8787813304849641,19.051886458535787,1,430111409,3.1875730117134466,0.09826594668374078,6c17b7fe9e29cf693511461110702d0141398c13a04ef0f886df9e37be881707
2843.4830085828435,20571,801.2,801.2,0.169480224609375,0.182,262.623,14,100,0,0,0.7325358724128922,18.328920314387016,1,430233416,3.259907459067627,0.10692781723293278,b185f612f3313140583118d923a1eafafe061acc5a7eba1f9d14cb4fd9e08295
2848.480213749921,20587,801.7714,801.7714,0.084277099609375,0.181,53.315,14,100,0,0,0.4482128472143182,17.466350029487895,1,430539954,3.2043678829908275,0.10171127077348405,b96f21b9e8009839d29aea726e9cb2aa080df224e3692dc29a79e4fd2acc9a97
2853.4794417498633,20612,802.6857,802.6857,0.19400830078125,0.181,85.532,14,100,0,0,1.2544775239554402,18.620404504935436,1,431023842,3.152784504395093,0.09460815311230443,3e15cd0ff48cab418bb47c8a7b4b36d2dcfdca32c72e9d609cf1354db5cda848
2858.47695366689,20643,803.9429,803.9429,0.26625,0.182,71.464,14,100,0,0,0.87549895516371,17.71837852986365,1,431683389,3.1535650911775686,0.09665467580985579,743bf084c5b8518b841c3dd7d5df440c0c972538d95db98cd977010e9f073417
2863.4756916668266,20673,804.9143,804.9143,0.027827880859375,0.182,121.322,14,100,0,0,0.6992710398649876,18.175714503962563,1,432193834,3.121473607376427,0.09142445990390298,f4ebece94f41f2382382d9d2f2efa821af325134de6b068ccfe8745934a2a390
2868.496473541949,20686,805.3429,805.3429,1.413295166015625,0.181,122.005,14,100,0,0,0.13743370711483321,18.946552436247273,1,432416777,3.1376242234070664,0.09342422017963588,81341c71929014408b1c307153a872e4bcf5a1d027ccdf79ff86b5bf047551ed
2873.494784957962,20687,805.3714,805.3714,5.724538818359375,0.181,454.449,14,100,0,0,0.10335210677430978,20.0,1,432431726,3.1465285890190384,0.09439136663078955,eac82608b6e56c4df9a584d20746dd2207282133ac6b04522c505c9e610bd262
2878.5310879577883,20687,805.3714,805.3714,9.90810107421875,0.181,454.449,14,100,0,0,0.10335210677430978,20.0,1,432431726,3.1465285890190384,0.09439136663078955,eac82608b6e56c4df9a584d20746dd2207282133ac6b04522c505c9e610bd262
2883.4783299169503,20695,805.6,805.6,0.04268603515625,0.181,140.969,14,100,0,0,-0.6326800687208493,17.963016170106325,1,432551715,3.1466433985930085,0.0941007191122873,196ed2f55d57b74dd31b546f543b6075b9163af5aab683a28b5e65d8e9ff89eb
2888.521071749972,20708,805.9714,805.9714,2.87781884765625,0.181,85.031,14,100,0,0,0.6566248079062696,20.0,1,432750287,3.2446142350477274,0.10020239778083992,5f291dd4ce316f4a8fe7aae5bd1892aef998faac3e4c13d7b62bdb13d5fd9458
2893.551349832909,20713,806.1143,806.1143,2.410412841796875,0.181,430.669,14,100,0,0,0.7466072568979545,17.73352203692289,1,432826918,3.180622616735394,0.09635779363267505,4c8d31d3735da9c1a6f642f3d86f208f9590180cb6ef4e57600bf855ed6a8ede
2898.5103280828334,20715,806.1714,806.1714,0.9368388671875,0.18,176.994,14,100,0,0,0.4218033821393251,18.73151713182804,1,432857246,3.1793641271745647,0.09529112659485332,254be5ba986a428917e9a37c3e892dd04356d2d9e1e15d8d62b2a507b35070eb
2903.5046186249238,20716,806.2,806.2,4.113927978515625,0.18,2279.187,14,100,0,0,0.31688511228123445,20.0,1,432872443,3.187544309319954,0.09700047942521933,1eda0adfb8ecef5e1fddf379ed972cfb53b3d4d655ba1ca256142d90b07d9bf7
2908.477694874862,20720,806.3143,806.3143,0.170415771484375,0.18,42.511,14,100,0,0,0.8851000577012881,19.71777228587326,1,432933375,3.2072606457729433,0.09807362074322208,948718fb33eee5b59181c345f21a0a5b68e2f4dad560ccf4e82597b6f32c2cf4
2913.4888484999537,20733,806.6857,806.6857,0.917421142578125,0.18,86.223,14,100,0,0,0.7437618960597521,18.340119215812496,1,433132162,3.2341084230706305,0.10005371636557236,63247dcb879e0e019159c965f5a74abd5ba00ef75d44eb26be706c36f1bd3ecd
2918.4833159998525,20742,806.9429,806.9429,0.967403076171875,0.18,246.402,14,100,0,0,0.6922640012485207,20.0,1,433270575,3.2062119044722523,0.10180287742542692,b3d3e2964e870c6393c17e13971bc6582524857846756c9c67e3367406df2e06
2923.4799780829344,20759,807.4286,807.4286,0.202302001953125,0.18,62.504,14,100,0,0,0.1720553705482851,18.916778299409152,1,433530207,3.1810421132556703,0.09696666620010387,377c5b378fda620201c0c94664d35b8944af2ee99d68ad57556dd3ad8e1c54a4
2928.5924729169346,20763,807.5714,807.5714,4.3580830078125,0.18,926.416,14,100,0,0,0.37419569424758437,15.796579241614147,0,433606144,3.188835917027121,0.09595323721038616,2cb239f0dc9c12d03fa01c5fc9226233a53101d35a0dc91ae8cea686f82481cf
2933.521669041831,20766,807.6571,807.6571,1.819932861328125,0.179,306.827,14,100,0,0,0.7484437852849228,20.0,1,433651639,3.158736673717888,0.09342445999837444,f7d83d09c5e70b4783d3d738632ba71d4e8f58aca7d8acefa7f6f2d7c4a17166
2938.4845356249716,20767,807.6857,807.6857,1.103660888671875,0.179,4317.924,14,100,0,0,0.5622778360223407,18.663784073784118,1,433666612,3.1405606990490016,0.09486210995949235,2183dc5454f6be35248ee4d1fbb63f8c6c80755a5a5a040fc597fa206973df8a
2943.4883322077803,20770,807.7714,807.7714,2.70693212890625,0.179,57.687,14,100,0,0,0.238649535689608,17.948994473080365,1,433711867,3.1654721687241496,0.09668129474378713,942e2ea2cf21ebe64440e8e3b27dfadcf429b1d11156ffb38014c3019b9af968
2948.5105847078376,20774,807.8857,807.8857,5.007640869140625,0.179,216.17,14,100,0,0,0.6657186367534963,19.350105352282146,1,433771986,3.1227320969372556,0.09310767334882825,08a7934a705a7d8b1e9941606d815ff6f6e777c2577a73af578476bb5690fba5
2953.500130750006,20775,807.9143,807.9143,2.6442109375,0.179,5659.525,14,100,0,0,0.5001295245320259,20.0,1,433786968,3.142448433390245,0.09335659451224217,17a609eb7180f7ab0fe8c7333134f21e18d621748a477f7b9e6e285e25810228
2958.4890687498264,20779,808.0286,808.0286,0.44951708984375,0.178,70.36,14,100,0,0,0.7487856686013131,19.86595407394468,1,433846577,3.136785230366514,0.09091222985969087,cc16e9cef1ea0e7bd59df9714ac36a685b0848cff941db163959330e70b1d98f
2963.477660082979,20787,808.2571,808.2571,0.269347900390625,0.178,1033.964,14,100,0,0,1.3706130389322548,18.54356849753286,1,433965396,3.084646228649007,0.09118968745104089,e2910232ddc5f7c21bcd205019a88c17082cd0379fd3c0cb66429e5a15bc9ae7
2968.509199832799,20793,808.4286,808.4286,2.459395751953125,0.178,411.813,14,100,0,0,0.24666062214415319,19.73649230032753,1,434053128,3.066729311480361,0.08733716988859992,da1f2248303e5747def4ebc43e10de544159ba7562da67e85f8e60c344cb7c9b
2973.4800704168156,20796,808.5143,808.5143,1.509571044921875,0.178,983.982,14,100,0,0,-0.34964846770516456,16.43357793813223,1,434096691,3.037784051581292,0.08704676199104186,860e020d8d7ba99eca2b20d8cd6c46d9b9e67cddc4c2f7d23b2b123fccd7dd2f
2978.4956985828467,20798,808.5714,808.5714,2.942222900390625,0.178,886.335,14,100,0,0,-0.1975374668210989,17.997100459078098,1,434125766,3.059177638156579,0.0861827333850914,6272b44cae77ae8b2776226584d68d4a53327d2d1f79e02fa2fcab15e578a71b
2983.480432000011,20803,808.7143,808.7143,0.589762939453125,0.178,116.004,14,100,0,0,0.3956416474138649,20.0,1,434198927,3.0625343462775976,0.08867314115731433,9e2714c86137ddeeb9ad075edf378811b3f364927d590c138e8ff3633ad4ef38
2988.4758553749416,20815,809.0571,809.0571,0.15750390625,0.177,64.471,14,100,0,0,0.6024618820493739,19.657734483478954,1,434376267,3.1008535135078246,0.08961127078918181,a1bb075293865806bf3df2e5ae429e3a55860b97676477b6540a6ab447962017
2993.5297043328173,20822,809.2571,809.2571,2.114255859375,0.177,990.037,14,100,0,0,0.16439208110882192,16.736341340661667,1,434480423,3.1757858954524885,0.09169064725612958,1d6b93b08435903fe4ca2f1943171e03069f37f720597ca403dc0fd4ce162298
2998.4795390828513,20838,809.7714,809.7714,0.0341650390625,0.177,67.339,14,100,0,0,1.209424039750452,19.20429272027244,1,434749839,3.1588778566528375,0.09256570687692985,bbf7d7f46c33c4fff9d1244934d1205a1aef0301b067a39bb7a2f0f730efc417
3003.479360499885,20856,810.3714,810.3714,0.06411083984375,0.177,101.446,14,100,0,0,0.2643226170557099,20.0,1,435067132,3.1728391163872485,0.09557721761179662,ffde1b61c1533a45c60e0789dc53df2704f40f2eba261faabf24bd563ca94684
3008.4784560420085,20874,810.9143,810.9143,0.54685400390625,0.177,341.773,14,100,0,0,0.03976882150402389,17.938469578913864,1,435362133,3.2741703407570233,0.10555827321724914,02bc98d277c6fdca77713433ee502dc5f8c6737ee98f174871e5a675924bb0f2
3013.4795216249768,20890,811.3714,811.3714,0.13468701171875,0.177,91.655,14,100,0,0,0.32499027965688726,19.502919895472672,1,435610997,3.2208295183068647,0.1004059950644385,d11ac03ca04c9acf423406d2a69f0ad2c7e395573e2cb8e7b971058bc8027c84
3018.4779592079576,20912,812.0571,812.0571,0.0561650390625,0.177,167.856,14,100,0,0,0.5624759252082433,18.392106437353533,1,435978082,3.192835117187089,0.09390599459730903,072e593be7f52634d4d3d7e075f6ff74aaf61792d2bdcd064c8d92a0b90edba3
3023.4807184578385,20929,812.5714,812.5714,0.251791015625,0.177,840.719,14,100,0,0,0.6358043292663788,20.0,1,436250563,3.1743125059198687,0.09337529936411454,bd5539de5e98a0a985cb11a5399a116d3f1e93bfe6e751f5b57ec508d7e64c10
3028.477242291905,20955,813.6857,813.6857,0.03439794921875,0.177,71.87,14,100,0,0,-0.2663205655219296,19.919939300869533,1,436841064,3.182936092291174,0.09581990381369866,9eca153981ca34825430db6477041e609eace584c0223866086c21e45b6976a7
3033.4744242918678,20983,814.7143,814.7143,0.142847900390625,0.177,55.184,14,100,0,0,0.06424913203999252,17.74027027483185,1,437388950,3.228654968307038,0.09889592286200029,0a4737a31d50c75f4357574c359f463c4e4b6fd87b57592171e1d5fce221c803
3038.479311082978,21014,815.7714,815.7714,0.03481103515625,0.177,189.719,14,100,0,0,1.1959578368878236,17.934711230417197,1,437960607,3.2351424451951716,0.10614268527180849,ee21e51b297cf29d364e22428b00dc51d85a46b8f1ae3040f8a72a339c3da8ac
3043.4797429169994,21045,816.8571,816.8571,0.0488828125,0.177,99.683,14,100,0,0,0.32291323879249345,19.9084487982297,1,438552452,3.2260097892855755,0.10353669039579136,6b1625b70b3fc76cc94cae90ffebd156fd9168d1cc8fdb1f451be5ac2570027f
3048.4800226248335,21065,817.6286,817.6286,1.218412109375,0.177,115.088,14,100,0,0,0.9551422265465791,17.628759740146915,1,438962852,3.124200334758223,0.0939340523430297,b11a999b610a01b0abb517dcdac7d9501ad0389a756dccdc781ea21850a28165
3053.478802624857,21078,818.0286,818.0286,0.21810009765625,0.177,1842.15,14,100,0,0,-0.5786545025863193,16.008330638430184,0,439171661,3.1604867837621287,0.09307002364788333,ec443407203c27092ed32f7f69ee67a09f99810765cea8145c4ededf0932aa49
3058.4791181248147,21094,818.5143,818.5143,0.16480029296875,0.177,118.074,14,100,0,0,0.5092050641300147,20.0,1,439427468,3.158808797681023,0.09530743350766485,3d7a652261d1441bcb87d89707d3bbb616009d44577dd4c25bc39f0eb3e3bbfd
3063.4792957499158,21121,819.4571,819.4571,0.045341064453125,0.177,71.692,14,100,0,0,0.5693468267575139,17.543125997057818,1,439923301,3.188625432808175,0.10038369298104098,27bfb168ad4ff1714f7b48d3c74721c82b9441b7af3d35425d124328ea3ab9f1
3068.479135082802,21150,820.4857,820.4857,0.174037841796875,0.177,127.447,14,100,0,0,0.1372295700006225,19.315665572742986,1,440474024,3.2500492908411327,0.10270239774513085,ac5d99f3150cb23b24208fd6f3fce79a16dddaf5b84a41dbcb89be9496e07cf5
3073.4793884169776,21175,821.4571,821.4571,0.19256103515625,0.177,73.95,14,100,0,0,0.20063264584954965,18.9847619280344,1,441002471,3.2641892674096757,0.11082326113258945,ec5f8e95078ddc66997f368957c430f1b4f088238e30b53c1875ac0dc597bf4b
3078.4760400420055,21201,822.4286,822.4286,0.222465087890625,0.177,88.18,14,100,0,0,-0.46951661429729213,20.0,1,441525921,3.2605367038480413,0.10170407625540172,ed997fdade36763510dd2f824667930182984e711e2ee64b604c6baec00bf2b5
3083.4799004578963,21228,823.3714,823.3714,0.45419091796875,0.177,69.21,14,100,0,0,-0.7769347308167376,17.61120211534511,1,442039781,3.2551384459950112,0.10679736146041721,5bb0670806b08b5d7abf9560e4863b1a601a59e47d153d5d379262e38cce7e81
3088.4777287079487,21243,823.8,823.8,0.147250732421875,0.177,1353.485,14,100,0,0,0.02607080913260347,16.977737609331204,1,442273607,3.235786409151736,0.104564507964946,347a03f0e7a7ecb9641b3442a5156841bb1ad3c3dcf652e87303f5b3bce41b08
3093.474511666922,21258,824.2286,824.2286,0.140532958984375,0.177,125.748,14,100,0,0,2.2755746603019693,20.0,1,442509287,3.323461181889496,0.11316834484932334,4eb6b87162b3b67ea7452e20e76593a1b4caa9cb1f987b52b26c66dec22f75c3
3098.4746703328565,21280,824.9429,824.9429,0.048507080078125,0.177,61.328,14,100,0,0,0.8776088764053033,17.039371911930278,1,442888752,3.1795738754347034,0.09870695433133685,74abb320353cdc578d80dcf29f833236bcbf1e3521a718c3be76fbc585ee4670
3103.479553416837,21299,825.6286,825.6286,1.543325927734375,0.177,244.094,14,100,0,0,-0.05037926883627733,19.206609599791413,1,443254015,3.228864716567176,0.10288752954459092,45ca1e9885d419517e5e570d022a140018a1b0a9e8e2be22994f27f66035e5c5
3108.4785697078332,21310,825.9429,825.9429,0.151756103515625,0.177,84.584,14,100,0,0,0.33236322868814,18.32042395719878,1,443425841,3.3091983002000998,0.11116163022795941,37349d148f471eb4339b185fc23b0893b7c6a888ba559455c475fe77b44b794c
3113.476603666786,21332,826.6571,826.6571,0.278654052734375,0.177,105.447,14,100,0,0,-0.5075308770962809,18.35716163176411,1,443816594,3.2248287184668327,0.10359112675632133,da5df81971dcaf843870ee41dbf6c0b8443cc0404e3bced8db59448b2073613e
3118.4764885418117,21360,827.6286,827.6286,0.0234599609375,0.177,57.956,14,100,0,0,0.9099008409010524,20.0,1,444352553,3.3284951401328122,0.11443812900611726,f097edd34c6bf7a5e493592899aa3bda2515ef2094e3f8e61d5f1c0dbc706143
3123.492334582843,21389,828.7143,828.7143,0.137301025390625,0.177,70.418,14,100,0,0,0.9395428831923791,19.60182078451532,1,444950297,3.2118751074959833,0.10684124647798263,d36ef842ae4800f28cecc5b63e19943505946191e054ff388557934a00306f9f
3128.4762069999706,21417,829.7429,829.7429,0.082071044921875,0.177,154.211,14,100,0,0,0.46981058139006204,20.0,1,445506341,3.2217332757224777,0.10515611477572263,46fc6d0194ae9320fe393c587a734f6541041d7d2954fc3f17942940a74dcfd8
3133.4863491668366,21443,830.7143,830.7143,0.072973876953125,0.177,243.936,14,100,0,0,1.5406740643535435,20.0,1,446024438,3.1864955680192635,0.10092709781965649,787a08fc96237723bfa9e43a3864eb22d67ac3eda906ef68337096eca9d1cd57
3138.4989019997884,21450,830.9143,830.9143,1.596947998046875,0.177,605.252,14,100,0,0,0.4634613272758918,20.0,1,446130454,3.1950952466849287,0.09807505948361282,48ea8e89014c39cc1675dd99096d715657a8737d775295103dfd0bb454ae7615
3143.475921207806,21464,831.3714,831.3714,0.117625,0.176,203.421,14,100,0,0,-0.19456427996397735,17.80169865618507,1,446373001,3.170734274197792,0.09842086278406872,c2c49e8d7f04166008b5b528cbe4a79d109a23e9ec7108652f6371fa99dacbcd
3148.478185541928,21492,832.4571,832.4571,0.0992548828125,0.176,71.965,14,100,0,0,-0.7998977110733746,17.810332287500938,1,446959566,3.1699089253953066,0.09666882457701005,07f794f6b21d3e2c1b4ce68d0b78d4c89c0301d4f1a1d244ec2ecf042884fba5
3153.4776354169007,21522,833.6857,833.6857,0.03380908203125,0.177,38.061,14,100,0,0,0.8774036890533509,20.0,1,447631127,3.291040565967367,0.11092398056092648,4ae1e7edf128254ae3759e726204365e9ea3738c6ac43ae575a32e63f70213e9
3158.4794554580003,21545,834.6286,834.6286,0.085652099609375,0.177,208.839,14,100,0,0,0.9018574789675922,17.96084032055801,1,448146969,3.2731215994563323,0.107767145890022,54b262eb70b6d8a85b6aa905b994d10791ec61f3b1b732d684b75c9170b505fa
3163.4763187919743,21572,835.5429,835.5429,0.028699951171875,0.177,90.171,14,100,0,0,0.2992840606505575,20.0,1,448636448,3.198660967107278,0.10306522772069272,b41267aead513d3f433cf03b391ac2336d4fb565a6b83f4f69e17a484c22b3d6
3168.479571874952,21595,836.4,836.4,0.1902890625,0.177,95.156,14,100,0,0,-0.03554009144438055,20.0,1,449087461,3.1004987813626084,0.09260431633363544,df4f88845df485f21701ad5b58541af9f071549c779d4cb83045d21a160eae22
3173.4754016669467,21617,837.1429,837.1429,0.0728798828125,0.176,173.539,14,100,0,0,-0.07481738951950988,18.469573730630465,1,449475363,3.142343559260176,0.09315827287196425,5d00347bb452fa8a06f6d9f3a7ab07559ee28e3d647bfd957ca6da487ee39c3c
3178.479311874835,21647,838.4286,838.4286,0.046952880859375,0.177,110.428,14,100,0,0,0.27706419129292453,20.0,1,450158300,3.241869108695743,0.10594460369524383,c4ffc720e8f7d31ac199bea65a0ecb94fa43f1a862787165e3851a78b8b25ee9
3183.475793582853,21678,839.8286,839.8286,0.106038818359375,0.177,90.215,14,100,0,0,1.0541711679625052,17.77014325907602,1,450915666,3.2211040309420635,0.10042278140409078,1cda11fd80a2d1b50b6861a89971b3f94a2b6ba560b5253d7bf7374ddb59168a
3188.4782184578944,21708,841.0,841.0,0.101527099609375,0.177,167.59,15,100,0,24,2.09806132118645,18.444148265205865,1,451511879,3.130912279082645,0.08689208590975941,5a25007b2b34e7d71cfe4751304f3ab2595e2b5d9a176e46e750cf855ba03fa4
3193.4800859577954,21737,842.0571,842.0571,0.02581005859375,0.177,64.795,15,100,1,21,1.0359700276806296,20.0,1,452087820,3.391370762625058,0.12775779352886313,01e3d2cb865b32d47e29a698594657730cb1a8a7dcbce106959108449d9f7543
3198.5028217500076,21765,843.1714,843.1714,0.372302001953125,0.177,98.17,15,100,1,18,0.41668299144395543,17.51882963080043,0,452714171,3.3920011094103426,0.12938920846461582,3686af8add6defa810c11d06e01f23d45a0c1aee87186c9227e908a2d239bc0b
3203.4778925417922,21793,844.1143,844.1143,0.025692138671875,0.177,211.548,15,100,1,16,0.9314365382655481,19.558478436709024,1,453235015,3.310666538021067,0.1230143881799336,747983cb0b18f1679c73be84b34d43705cc0208a3d48744130bf803f9971f14a
3208.479300457984,21823,845.2571,845.2571,0.018760986328125,0.177,41.736,15,100,1,13,0.6516259668569134,20.0,1,453862909,3.3606938857412407,0.1259798557179024,86a92cc5bb208ef74a3adc3c9f409719412fc09a1838d15c6be75f24385bfb58
3213.4788302918896,21843,845.8857,845.8857,0.095586181640625,0.177,61.244,15,100,1,12,0.949446477460154,19.224228404619765,1,454206151,3.2513077804019614,0.10292086275339091,3849a2cebc0aafd479f784b48e3aa2f65b642280ba26d6c83bba05946a95094b
3218.4775881669484,21855,846.3143,846.3143,0.25248193359375,0.177,223.956,15,100,1,10,0.6778839973214823,16.191704465889156,1,454436606,3.13951195774831,0.09176738573819912,76c0446719d2018459326c54a4022aa29390fe97c7ac87ebbd607d4cd168e326
3223.4768568750005,21877,847.0571,847.0571,0.19272900390625,0.177,42.843,15,100,1,9,1.240510863154523,19.300141453591692,1,454826593,3.10401077679201,0.08987290109556595,b39ae0e19e330af2417866c74375969c39fb8d6cdb9f8f94132382c3137dd029
3228.4760581669398,21908,848.2571,848.2571,0.069441162109375,0.177,78.283,15,100,1,6,1.3005448128605614,19.81631914430007,1,455453859,3.1770528556285242,0.10933669022212142,a31ef02863170a8c4459851bf21c589c2ddac3f54bd7deca7763a034639144a9
3233.4778787498362,21935,849.2857,849.2857,0.06381005859375,0.177,50.446,15,100,1,3,0.21777187129542028,20.0,1,455987921,3.176008155012354,0.1105393277948046,d01a7cfa29643a69f937623fd5f110b7c9826acab24ecb85bf7cecdebf2ddfdf
3238.4768284577876,21964,850.4286,850.4286,0.068325927734375,0.177,125.468,15,100,1,1,0.6686386753029029,20.0,1,456597656,3.2374643952328417,0.0988462826530075,1909d0dcba98d771872f74e90f982b75c74a6ea43f01c25e2fdc17dfb2907b76
3243.4809602079913,21990,851.4857,851.4857,0.18025,0.177,323.961,15,100,1,0,0.8392093431865809,16.347870424797534,1,457156426,3.169715707208209,0.0953973617203834,2fee401277ee3f1a04f9d0f00bf8a5005cb7eef56ecfe653876071fece0833f8
3248.478976749815,21999,851.7429,851.7429,1.968326904296875,0.177,58.252,15,100,1,0,0.8481587676116034,19.74194756973011,1,457293889,3.173281427630558,0.09692278138870804,7eead403991aa15f76a16d6f3078f80ec0ac79d4ef9bde38913adc375726601c
3253.5829855829943,22018,852.3429,852.3429,1.947025146484375,0.177,41.461,15,100,1,0,0.37884262513024525,20.0,1,457614848,3.1881735541003686,0.09681774557267184,a23e2a894200de52742382f5e8814f5b83cbd58f609c93718bb0304e8934d1d7
3258.523540999973,22028,852.6286,852.6286,1.41385302734375,0.177,275.729,15,100,1,0,1.2533236028391546,18.658533271284735,1,457767738,3.208938631854049,0.09806930406832323,1d1721ddb14e32c51cec9d4225d8c1ef5a36006855e0cd5aad2c1fe1db0c79f8
3263.514077874832,22035,852.8286,852.8286,1.770625,0.177,158.518,15,100,1,0,0.9536766578998618,20.0,1,457875035,3.2343181713307687,0.09546426823383646,cae38cf213899085ea040b9984bb2efc670c11433a9192c014cbd46d44bfb3a4
3268.478844832862,22053,853.4,853.4,0.305141845703125,0.176,67.933,15,100,1,0,1.1723101753088212,19.280413309160625,1,458183116,3.231591443948972,0.10353549105590248,248974f79f76e15df9b4f65719b0d65a06ce5f250d5e109beb4bcf46ce95af0e
3273.479308541864,22069,853.9714,853.9714,0.013015869140625,0.176,61.42,15,100,1,0,0.8434421170901183,18.506812166044323,1,458488045,3.1869415590566095,0.0968019178816482,46664a2ad0e21b6a905e89fb34c800c45336b517c1481ad62e7e9d5247b971d2
3278.491117791971,22089,854.6,854.6,1.1847509765625,0.176,613.59,15,100,1,0,0.17789434741429275,18.753677157777755,1,458824540,3.2015974427492124,0.0981568343603017,e7490918c6fa0200789be82c86e2b116a4b643c9ae3f98d49f587f0c30ad0aa7
3283.481585291913,22104,855.0286,855.0286,0.13247802734375,0.176,90.89,15,100,1,0,1.3411435250336483,16.36229405967118,0,459054243,3.228025723526623,0.10086690612849629,2779d81efd9e1d396b991b7500c54e44a69717605d659ff6787f40849d510890
3288.488173832884,22122,855.6,855.6,0.136625244140625,0.176,537.917,15,100,1,0,1.1733547958156199,19.665057530696245,1,459355635,3.1571308115999175,0.09410119869790796,3fe8cb9bd4c554170cd447e5c9d82fe5f20df5ab58b1200cdc4ce05a59c920a1
3293.4804960829206,22149,856.5429,856.5429,0.108136962890625,0.176,254.112,15,100,1,0,0.9080019979118792,18.120404394903556,1,459856077,3.215860324438609,0.09857841695849957,bcafbdd7d2576457ab272c2488ddfda3bf87aeb78fa7b1e2aad5e21bd9fd2fd8
3298.5725373749156,22177,857.5429,857.5429,0.169390869140625,0.176,220.237,15,100,1,0,-0.6704503282335627,14.664430406024724,0,460384182,3.1789446306542883,0.09386210973140459,f34e567419817c0570349743ea6acc9bc7e28ef7e4267c4a092b652435eda31c
3303.4820827078074,22199,858.2571,858.2571,0.64418994140625,0.176,54.427,15,100,1,0,-0.4828353894867928,20.0,1,460764411,3.156842315747377,0.09730359678508711,3fc63b22d811622026b2c082e4c4e3a0d65db50a83e57c188031a9fe22608520
3308.480672666803,22221,858.9143,858.9143,0.052413818359375,0.176,80.487,15,100,1,0,0.40543379894863746,19.79561940308367,1,461115226,3.163423259404063,0.09386378864620085,d0690ad43e7e06b8ea226bf03fa396f8d675d37f4b8aea76fde445b11d90202b
3313.487283791881,22246,859.7429,859.7429,1.0628701171875,0.176,492.924,15,100,1,0,0.2654424987666843,20.0,1,461561832,3.2762678233584053,0.1082431653185987,9c1b0282c20dfffee9e2f6a14105640db61ff3ba1848ebba25dbde667b2a2327
3318.5051356249023,22255,860.0571,860.0571,0.361538818359375,0.176,2550.387,15,100,1,0,0.40455630823196004,20.0,1,461731546,3.2168303181468967,0.10109424416301883,7de0e79b4f4a3217ba3505a14a11c49bb288bb7b60198ca3c6290eb3d218787f
3323.4934546248987,22271,860.5429,860.5429,0.01822998046875,0.176,198.995,15,100,1,0,1.2071534451944208,18.25246051091109,1,461992524,3.178525134134012,0.10200647464614167,79d9141ab0cc19d4d706d13690d6c8fb9ab6f8fc6e8eb42fbd48affe7f0d2754
3328.4856351248454,22290,861.1143,861.1143,1.014876953125,0.176,154.523,15,100,1,0,0.28795814709947276,19.136260202194837,1,462297449,3.200129204928245,0.09771127045109625,94c29f56f2676b8ec1e1dc5dae83bcfad6a578ac9c682624069585b87f72bf2a
3333.477229749784,22307,861.7143,861.7143,0.15824609375,0.176,60.612,15,100,1,0,0.36481949242759554,20.0,1,462614561,3.1474823916335612,0.09289280529613037,8b1160ee17a36c75f1322b69c04798570b80d1eb84d688a460d7d78b16b9102f
3338.4833939578384,22325,862.3429,862.3429,0.1119599609375,0.176,249.462,15,100,1,0,0.07959030533952983,20.0,1,462945143,3.1432874264307977,0.09565011929702215,e524a6fb82e7d86687f9a8aeaf29d59a908eb0d1256f5b272172dd60c951527c
3343.4845909168944,22346,863.0571,863.0571,0.18077001953125,0.176,45.519,15,100,1,0,0.6659403819317942,18.420930713821466,1,463326997,3.2115682126732548,0.1035947239684788,bd3cf7450afdd255746b72386a812f954c4e88c2253b7b989ce5e2be994cd3db
3348.484372582985,22375,864.1429,864.1429,0.032061767578125,0.176,72.079,15,100,1,0,1.5061307066601828,16.401116202423083,0,463903312,3.1795738754347034,0.09629448372019903,9c5d40c8512a5eadda75454f1809602d3adf557773b760d9ace8c3aceebcd1a1
3353.48244170798,22405,865.1714,865.1714,0.1867939453125,0.176,80.784,15,100,1,0,0.16735097955734743,19.68290686024084,1,464451469,3.330702280596512,0.10715347666627553,0845f73bbe1b61ff447d3444b3dde18552bd9041c9fd0bd5befce3c1666a0481
3358.48328924994,22434,866.2857,866.2857,0.14252001953125,0.176,87.023,15,100,1,0,0.06509387801666165,16.631085030795752,1,465060139,3.1816713580360854,0.09843884858295653,9351eee913f517674f3339d232dfadd9ea7c24c25362ab80463d2ba430d38e63
3363.484289166983,22450,866.8857,866.8857,2.00755712890625,0.176,334.789,15,100,1,0,0.19896832175685772,20.0,1,465383465,3.2064216527323905,0.1020556351666384,c4ea5a9027e57596a2e9eb5fa30da8a977c3b0d2be013990e47f357a34cc9888
3368.479327332927,22465,867.3143,867.3143,0.255418212890625,0.176,78.05,15,100,1,0,0.752409943335559,16.62097209953227,1,465613904,3.202855932310041,0.09599088669266849,8b92310919cfdd512577cf6d1bce20880af81dae4171b84bb2fe80d9d69ea03f
3373.4815689998213,22490,868.0286,868.0286,0.078594970703125,0.176,58.804,15,100,1,0,-0.30972364504516375,16.1058048107814,1,465990219,3.104274250045096,0.08956978373287153,679eadbf6b3dc16a00a9667e4efb8306750a3a4e668217c4dfc7ccbcea32f072
3378.4902614578605,22494,868.1429,868.1429,1.72389697265625,0.175,3100.169,15,100,1,0,-0.09875879195654193,15.27753886676415,0,466049940,3.1342682512448556,0.09545491544904028,2f639d4a6f16c2ef0b4dd3e42ebda219fd35ec5a8ef235a34d200c275160df12
3383.477897082921,22502,868.3714,868.3714,0.42530810546875,0.175,157.048,15,100,1,0,1.7009437274035568,18.958818490024196,1,466170100,3.0915922078742146,0.09273740956600257,bc5e07eb733873a0c16f03a1d26b676a0bc8b920149177d66a275fa164859d49
3388.47566620796,22515,868.8,868.8,0.10321484375,0.175,69.02,15,100,1,0,-0.18724767286744168,20.0,1,466393230,3.184817581938158,0.09818561146271274,c31256c7eec4bd8c88f15ba4e04d7280d419796da63179cc110707e3ddf314a0
3393.498709749896,22525,869.0857,869.0857,0.110279052734375,0.175,1177.85,15,100,1,0,0.09540556362221422,20.0,1,466545402,3.1753789102319394,0.09680191819568341,c7d1fe344075013b94a809c69fc6585f91dc12e99c96895c07be3c696cab2d48
3398.493723916821,22536,869.4,869.4,0.73635205078125,0.175,58.876,15,100,1,0,0.6999008809313295,20.0,1,466714193,3.1959342397254815,0.09968417208279261,1718f3e1802e5b2695aa0464cdd96573d1cb71026bf61cb5d235d0474195a6bd
3403.4797911669593,22551,869.8286,869.8286,0.13302490234375,0.175,76.913,15,100,1,0,0.28133713672098665,20.0,1,466943734,3.2362059056720125,0.10318944819396635,8b64adcf762c980e037e11c398e95956423e45cc2982772b1d23c61e5d5c411c
3408.4810901249293,22567,870.2857,870.2857,0.0920859375,0.175,176.277,15,100,1,0,0.016344184901373637,15.343107776626281,0,467191764,3.296823152851947,0.10928105500229965,d7760f1c641000a6c1cdb3286ba4a0878ac56f7b96005d673096b9f3491421e6
3413.4790374999866,22594,871.2286,871.2286,0.25223388671875,0.175,68.249,15,100,1,0,0.3310873211637516,20.0,1,467707337,3.311610405191689,0.11198752949328934,2d02bfc783c27ee40aae6106bb299365e920b1819bba148ec28ea0526c60ec07
3418.474744374864,22627,872.4857,872.4857,0.15234716796875,0.175,53.892,15,100,1,0,0.2749768328719429,20.0,1,468396882,3.320944202767838,0.11332254150317177,a874c84a9177602b7c652e7187d24b62463ae4f01fc688a76bba5d5d98508c6b
3423.4749421249144,22661,873.7714,873.7714,0.0342490234375,0.175,74.006,15,100,1,0,0.6609423640025818,20.0,1,469104041,3.2564013513086856,0.10935683382597022,f2a7b99d7827802a4d0ab45a1836bb44412dcfd941e0ea0fa12aec73d3498ae2
3428.54668566701,22688,874.8,874.8,0.60153076171875,0.175,129.85,15,100,1,0,-0.5526826778850877,17.542630144382287,1,469664666,3.228864716567176,0.10945155837280537,1df2274a22fbad95182bd11b8f028455ba3f56a8382e11da514a969b57eff354
3433.475440250011,22698,875.1429,875.1429,1.681669921875,0.175,368.873,15,100,1,0,0.44267458586560987,17.678638667236022,1,469852742,3.2813017816017216,0.11084916041523266,b3345056c47d5992717bbd089a529ae0f69e35e465ba912194d52f6c1b056481
3438.4794007919263,22717,875.7429,875.7429,0.30634716796875,0.175,150.38,15,100,1,0,0.6196878710431868,19.910774219710483,1,470182474,3.3396117979201363,0.11427817675656342,69098e6ac4b6a0fa5225bbb7bc28cc3bf1158af2d5b3b6bc7ec6380261b7fde0
3443.479985124897,22743,876.7429,876.7429,1.288484130859375,0.175,64.377,15,100,1,0,0.7120310695093853,18.358745504066764,1,470735252,3.250888283881685,0.10636618678928861,75551a15b1a3ef2e0aa5c744754d110aff6ea7153699937c7cb308ef8967bad4
3448.4833607079927,22759,877.3429,877.3429,0.0927431640625,0.175,196.75,15,100,1,0,0.7386570829329231,17.51461425678334,1,471057730,3.278994550740202,0.10961774533394109,ea4f725ffd2a677a5ae88099e3bc94cc92e938c9ab170b74f726feedf6e6c40b
3453.4797787079588,22778,877.9143,877.9143,0.24969091796875,0.175,151.731,15,100,1,0,0.42475180456853506,19.12038973159043,1,471368998,3.2540345077837576,0.10779999971602082,0161f94cf0009f1fe9859f26eac8b7a9e5e3600ba9123639dd31559fd4d16c6c
3458.486555957934,22803,878.7429,878.7429,0.545921142578125,0.175,71.092,15,100,1,0,0.4065299074751476,20.0,1,471804047,3.057080891514005,0.09197457983672627,6390f893b058f7fe7350abb2a957875d1074a11e2b374378dd49c4530ce3c71d
3463.4780884168576,22813,879.0571,879.0571,0.023884033203125,0.175,147.958,15,100,1,0,0.1104978218947724,20.0,1,471967706,3.168839916227281,0.09689088690675889,305b2294c5b6645aa73401b1d2a2283887c518aa20b657ca14bfbda30d1e4cf2
3468.4796092920005,22820,879.2571,879.2571,1.114968994140625,0.175,149.161,15,100,1,0,0.34806755734838046,20.0,1,472072905,3.156000378871594,0.0949047957473028,576d0c7e694987a4d20a4bd99c526b9b5f6d778f22ca65e1141a1d11f998abe5
3473.495969166979,22838,879.8286,879.8286,0.49051806640625,0.174,124.793,15,100,1,0,-0.4050931897330976,20.0,1,472374996,3.1982414705870013,0.09584436412650547,9bfa19a719153e5282ffd26cf8b46e1fbd3b4fb1f30b0fd571841125ec26d22c
3478.4791312499437,22855,880.3143,880.3143,0.326207763671875,0.174,59.989,15,100,1,0,-0.29920850888168105,17.302737293179497,1,472637256,3.2655706620913576,0.10614676214374208,7613d6bcfe425f5ce025fcc8ef10977b7cf08023da0ff7d9907b23036ed66818
3483.4793674168177,22882,881.2571,881.2571,0.09487109375,0.174,73.118,15,100,1,0,0.6881262949203616,18.25716531107218,1,473150533,3.273029604605395,0.10635107857691921,fea07f78df20d8fcf7bb16248a8fef5a443c7aafc94294a30504ad0c7aead1a0
3488.4750354997814,22905,881.9429,881.9429,0.3483798828125,0.174,60.975,15,100,1,0,-0.5368420555738777,18.89649021792105,1,473520233,3.2109312403253614,0.10249520336320776,88c543a2d71d096a9b4f2193d3ccd3227830afc18c2ee7ca2e11987a422d36f2
3493.477557624923,22931,882.7429,882.7429,0.18390576171875,0.174,41.95,15,100,1,0,0.3336380899377623,18.82568108710952,1,473952966,3.221943023982616,0.10230287765597336,3e6cc6952e528a444977808bcfa6e1a48f583e6ea4d606f6464d96d42c657e72
3498.4894760828465,22957,883.6857,883.6857,0.35400390625,0.174,66.679,15,100,1,0,0.22502343423367677,18.091070588640093,1,474466861,3.2926281876491834,0.10781942437614657,2090f56093ac8b96e1b5e5cd45d630e3185b1c4962c040a90cbf7755870bf24f
3503.540000292007,22977,884.4286,884.4286,0.167876953125,0.174,52.33,15,100,1,0,1.2433147247434382,16.131552747877972,0,474872152,3.3054228315176126,0.11104124663161768,4a8645c4ef6c8378b318e3c1ae33fe47fd50dfe204d6b33bc1305773e32d945e
3508.4794355419,23005,885.5429,885.5429,0.00832177734375,0.174,84.31,15,100,1,0,0.9172048146672834,19.34000699498128,1,475478805,3.198031722326863,0.10191678590176413,24c73dc05cb8ea48f25ad1a8d0083da1d89d51bb70226636c5d1a801ed32c801
3513.478606832912,23035,886.6857,886.6857,0.06701513671875,0.174,67.729,15,100,1,0,1.8960960218291534,20.0,1,476101989,3.2433373465167104,0.10454196597267182,2fefc66b9dac8aa874c23aacf2373f66942e67e7f2e402fa73c3e3252d2e75bf
3518.4779695000034,23060,887.6,887.6,0.585738037109375,0.174,109.863,15,100,1,0,0.012180126371485186,18.735777791008992,1,476586949,3.2276062270063473,0.10190959217929119,c6d71b5fbbaa1f069afbc40bf07d2b45dde951dc80cac9d4091361a3a7878595
3523.4750023328234,23081,888.2571,888.2571,0.131375,0.174,89.475,15,100,1,0,0.43308970159066656,20.0,1,476936165,3.200202064850188,0.10194772128537113,d18f2ce7d0c91e4efb7bf6497e42d75064e3c4dae37b5729dca68a8a79a6c1d9
3528.4809033749625,23097,888.7429,888.7429,0.198712158203125,0.174,267.369,15,100,1,0,0.5458879620789828,20.0,1,477195032,3.1674084763466888,0.09898153418422832,67e9c1136119e151d2d5280f4bc053575ea042492121eb53001ed02e6b361ca8
3533.474792791996,23125,889.7429,889.7429,0.034621826171875,0.174,176.228,15,100,1,0,0.5229411181245769,20.0,1,477723396,3.1674084763466888,0.09706258987252739,12ccc6c4e36df7fd5de167ce5d24f20898a7b8c29ca45348097eaedecf9a5c60
3538.4752122079954,23150,890.5714,890.5714,0.145967041015625,0.174,68.918,15,100,1,0,1.3217290564136601,18.970533450188665,1,478161313,3.151159241835843,0.09565011919913696,8e4a7dce291b7dfe4851a2543aed8644798da71a99c8c5b22d283f8a2f989ab6
3543.4772237078287,23178,891.5429,891.5429,0.24045703125,0.174,159.106,15,100,1,0,1.2029249179678105,15.390049175522604,0,478667695,3.1558723220390887,0.09255251782104301,fae4397e4267ad09ba85e00c77911149f2eb2c1093093186d4c82935b17f7f4f
3548.478291124804,23205,892.4571,892.4571,0.25631787109375,0.174,145.687,15,100,1,0,0.3611106362929513,18.07637892381487,1,479146899,3.1168503141476966,0.09238872852816991,23759e14370f5d0f1008dd4a67a812f3f0c2e7b61ce7542dadd60e9bfb41527a
3553.5705187919084,23225,893.2,893.2,1.800203857421875,0.174,288.712,15,100,1,0,0.12123281621319876,20.0,1,479535857,3.1873485197881615,0.09760095856732598,984e466b444cc2772de2219b2aa20a47c91c56eb619ee24e85f1a5c9f6a59608
3558.4787732919212,23238,893.5714,893.5714,0.28234619140625,0.174,49.467,15,100,1,0,0.04801401019702837,18.745224393064216,1,479733395,3.2111472442353635,0.09794100691396598,cf1cd10d1a6a86189abd2cd1a65ac774adae966a3a726d938c7ffcdc703f1649
3563.4853642499074,23259,894.2,894.2,0.391511962890625,0.174,90.258,15,100,1,0,-0.32037023358862327,17.150776263069883,1,480069530,3.217748058779853,0.10008920830674749,26d6171af5f951b3888fb207a98aaaa7ad9b79af472aa35210983fa3bb758970
3568.500019124942,23287,895.2857,895.2857,0.136489013671875,0.174,57.053,15,100,1,0,0.7219591318734108,17.613766458822813,1,480660004,3.2099873731547395,0.10150527504067008,77798db28fe5bfd8ecffbd4f3b410e768dc1c9d4b468f218bc41adb6c1ac846a
3573.4799923750106,23300,895.7429,895.7429,1.487674072265625,0.174,155.769,15,100,1,0,1.1927660306063683,19.874006032303807,1,480905682,3.267248648172463,0.10467961611132957,63823a86714997a11b72b3c9b30e85d2c063c3903b2a9bb7fd451c4ab87b5642
3578.4904520418495,23311,896.0571,896.0571,0.486529052734375,0.174,73.782,15,100,1,0,0.30483966259269296,20.0,1,481076505,3.2542965091192286,0.10767170209649082,2b8c6a950ba9bcf46a72bd85846e0efca80ec60fd50c3769e6ce520244eb8b99
3583.474666999886,23328,896.6286,896.6286,0.162222900390625,0.174,258.625,15,100,1,0,-0.197564203057467,17.71593187322899,0,481392878,3.36226461001506,0.11551966337056896,352adeb0beb17d36522739d0efb241c0abf521029c1fca8f1c245ca6e4b25fd9
3588.4765907498077,23349,897.4571,897.4571,0.04639697265625,0.174,143.25,15,100,1,0,0.5346903116175932,18.171998803599905,1,481850197,3.307549016512487,0.1104604311586328,414aadc0af03dc6dcb2b3034f864d0f5b504e1f62b47a37e7d525a09d37fe47f
3593.5059007077944,23375,898.3143,898.3143,0.3810390625,0.174,137.058,15,100,1,0,1.0740838748223587,20.0,1,482314252,3.273855718366816,0.1082549155857629,b35b433eec6321230c9b5824e54af7e795bce9cf8b35808307b7dc2e5f8128d5
3598.4796141670085,23399,899.1429,899.1429,0.239872314453125,0.174,63.725,15,100,1,0,-0.07867142036511098,18.10718158294289,1,482765272,3.3576501482920196,0.11351582668318969,aa33943b1fa890639ba75affa2ce486f7476e330de6cfd686d4c83df35ba39e5
3600.0053543329705,23410,899.5714,899.5714,0.066453125,0.174,61.6,15,100,1,0,-0.10285160402935246,17.488782327269842,1,482999954,3.308795333752864,0.11073069510061843,d83eea92ae1c57465aa6ee9fc23c5e957a791f77a24fb409be023773ba99ec3f
